Workbook
Name category: Roadmap!$G1
Name category: #REF!
Name display_year: Roadmap!$S$2
Name duration: Roadmap!$F1
Name end_date: Roadmap!$E1
Name Milestone_Marker: #REF!
Name month: Roadmap!A$5
Name next_month: Roadmap!B$5
Name Project_Start: #REF!
Name project_start_date: Roadmap!$R$1
Name Scrolling_Increment: #REF!
Name start_date: Roadmap!$D1

Sheet Readme
B1: #VALUE!
G4: Counts
G5: 2026 | H5: 2027 | I5: 2028 | J5: 2029
G6: =COUNTIFS(Roadmap!$D:$D,"<="&DATE(2026,12,31),Roadmap!$E:$E,">="&DATE(2026,1,1)) -> 302 | H6: =COUNTIFS(Roadmap!$D:$D,"<="&DATE(2027,12,31),Roadmap!$E:$E,">="&DATE(2027,1,1)) -> 64 | I6: =COUNTIFS(Roadmap!$D:$D,"<="&DATE(2028,12,31),Roadmap!$E:$E,">="&DATE(2028,1,1)) -> 7 | J6: =COUNTIFS(Roadmap!$D:$D,"<="&DATE(2029,12,31),Roadmap!$E:$E,">="&DATE(2029,1,1)) -> 6
B8: What This Workbook Does | G8: Legend
B9: This workbook automatically consolidates Branch Calendar event dates, Youth Program Team work items and other reference dates into a dynamic, interactive roadmap. | G9: Event | H9: Branch Calendar Event | I9: Prep | J9: Comms | K9: Event
B10: It pulls live data from SharePoint, combines it with manually added dates from the Manual Dates sheet, formats task labels conditionally, and renders an interactive timeline that can be re-sorted on the fly without breaking formulas.
B12: Why It Was Built
B13: - Single Source of Truth: Eliminates manual data entry by syncing directly with external SharePoint lists.
B14: - Consolidated Visibility: Blends multiple sources into a unified view.
B15: - Interactive Filtering & Sorting: Allows users to re-sort timelines (by Start Date, Title, or Category) and separate Reference Dates/Milestones from important dates.
B16: - Automated Visuals: Uses conditional formatting to automatically draw timelines based on live entry dates.
B18: How It Operates
B19: Data Sources:
B20: - Branch Calendar feed from Members website - imported to the Youth Program Team SharePoint site and then connected to this workbook
B21: - "Manual Dates" - a sheet used to manually enter dates into the query. Initially includes school holidays for term planning references
B23: Power Query Layer (AllDates Table):
B24: Connects to the SharePoint list and local Manual Dates tables.
... B41: Adding New Tasks: Add new internal tasks directly to the Manual Dates table on the staging sheet. They will flow into the Gantt chart upon the next refresh.

Sheet Roadmap
B1: #VALUE! | D1: Sort by | L1: Start Date | O1: Starting at | R1: 46023
S2: 1
F4: To be hidden | G4: To be hidden | H4: To be hidden | I4: =YEAR(month) -> 2026 | U4: =YEAR(month) -> 2027 | AG4: =YEAR(month) -> 2028
B5: EVENT | C5: PROJECT / ACTION | D5: START DATE | E5: END DATE | F5: MONTHS | G5: CATEGORY | H5: TAGS | I5: =DATE(YEAR(project_start_date)+(display_year-1),1,1) -> 46023 | J5: =EDATE(I5,1) -> 46054 | K5: =EDATE(J5,1) -> 46082 | L5: =EDATE(K5,1) -> 46113 | M5: =EDATE(L5,1) -> 46143 | N5: =EDATE(M5,1) -> 46174 | O5: =EDATE(N5,1) -> 46204 | P5: =EDATE(O5,1) -> 46235 | Q5: =EDATE(P5,1) -> 46266 | ... AR5: =EDATE(AQ5,1) -> 47088
A6: 1 | B6: {=_xlfn.SORTBY(_xlfn._xlws.FILTER(AllDates[NewTitle], AllDates[Change Category]<>"Reference Date", ""), _xlfn.SWITCH($L$1, "Start Date", _xlfn._xlws.FILTER(AllDates[StartDate], AllDates[Change Category]<>"Reference Date", ""), "Task Name", _xlfn._xlws.FILTER(AllDates[NewTitle], AllDates[Change Category]<>"Reference Date", ""), "Category", _xlfn._xlws.FILTER(AllDates[Change Category], AllDates[Change Category]<>"Reference Date", ""), _xlfn._xlws.FILTER(AllDates[StartDate], AllDates[Change Category]<>"Reference Date", "")), 1)} -> Vertical - Abseiling Natural SP (Wide Bay) | C6: {=_xlfn.SORTBY( IF( _xlfn._xlws.FILTER(AllDates[OperationalActionTitle], AllDates[Change Category]<>"Reference Date", "")=0, "", _xlfn._xlws.FILTER(AllDates[OperationalActionTitle], AllDates[Change Category]<>"Reference Date", "") ), _xlfn.SWITCH( $L$1, "Start Date", _xlfn._xlws.FILTER(AllDates[StartDate], AllDates[Change Category]<>"Reference Date", ""), "Task Name", _xlfn._xlws.FILTER(AllDates[NewTitle], AllDates[Change Category]<>"Reference Date", ""), "Category", _xlfn._xlws.FILTER(AllDates[Change Category], AllDates[Change Category]<>"Reference Date", ""), _xlfn._xlws.FILTER(AllDates[StartDate], AllDates[Change Category]<>"Reference Date", "") ), 1 )} | D6: {=_xlfn.SORTBY(_xlfn._xlws.FILTER(AllDates[StartDate], AllDates[Change Category]<>"Reference Date", ""), _xlfn.SWITCH($L$1, "Start Date", _xlfn._xlws.FILTER(AllDates[StartDate], AllDates[Change Category]<>"Reference Date", ""), "Task Name", _xlfn._xlws.FILTER(AllDates[NewTitle], AllDates[Change Category]<>"Reference Date", ""), "Category", _xlfn._xlws.FILTER(AllDates[Change Category], AllDates[Change Category]<>"Reference Date", ""), _xlfn._xlws.FILTER(AllDates[StartDate], AllDates[Change Category]<>"Reference Date", "")), 1)} -> 46023 | E6: {=_xlfn.SORTBY(_xlfn._xlws.FILTER(AllDates[DueDate], AllDates[Change Category]<>"Reference Date", ""), _xlfn.SWITCH($L$1, "Start Date", _xlfn._xlws.FILTER(AllDates[StartDate], AllDates[Change Category]<>"Reference Date", ""), "Task Name", _xlfn._xlws.FILTER(AllDates[NewTitle], AllDates[Change Category]<>"Reference Date", ""), "Category", _xlfn._xlws.FILTER(AllDates[Change Category], AllDates[Change Category]<>"Reference Date", ""), _xlfn._xlws.FILTER(AllDates[StartDate], AllDates[Change Category]<>"Reference Date", "")), 1)} -> 46023 | F6: =IF(OR(ISBLANK(start_date),ISBLANK(end_date)),"",1+ROUND(((EOMONTH(end_date,0)-EOMONTH(start_date,0))/30),0)) -> 1 | G6: {=_xlfn.SORTBY(_xlfn._xlws.FILTER(AllDates[Change Category], AllDates[Change Category]<>"Reference Date", ""), _xlfn.SWITCH($L$1, "Start Date", _xlfn._xlws.FILTER(AllDates[StartDate], AllDates[Change Category]<>"Reference Date", ""), "Task Name", _xlfn._xlws.FILTER(AllDates[NewTitle], AllDates[Change Category]<>"Reference Date", ""), "Category", _xlfn._xlws.FILTER(AllDates[Change Category], AllDates[Change Category]<>"Reference Date", ""), _xlfn._xlws.FILTER(AllDates[StartDate], AllDates[Change Category]<>"Reference Date", "")), 1)} -> Branch Calendar Event | H6: {=_xlfn.SORTBY(_xlfn._xlws.FILTER(AllDates[Tags], AllDates[Change Category]<>"Reference Date", ""), _xlfn.SWITCH($L$1, "Start Date", _xlfn._xlws.FILTER(AllDates[StartDate], AllDates[Change Category]<>"Reference Date", ""), "Task Name", _xlfn._xlws.FILTER(AllDates[NewTitle], AllDates[Change Category]<>"Reference Date", ""), "Category", _xlfn._xlws.FILTER(AllDates[Change Category], AllDates[Change Category]<>"Reference Date", ""), _xlfn._xlws.FILTER(AllDates[StartDate], AllDates[Change Category]<>"Reference Date", "")), 1)} -> Training - AA
A7: 2 | B7: Basic Water Rescue (FNQ) | D7: 46023 | E7: 46023 | F7: =IF(OR(ISBLANK(start_date),ISBLANK(end_date)),"",1+ROUND(((EOMONTH(end_date,0)-EOMONTH(start_date,0))/30),0)) -> 1 | G7: Branch Calendar Event | H7: 0
A8: 3 | B8: Scouting Essentials (Brisbane) | D8: 46023 | E8: 46023 | F8: =IF(OR(ISBLANK(start_date),ISBLANK(end_date)),"",1+ROUND(((EOMONTH(end_date,0)-EOMONTH(start_date,0))/30),0)) -> 1 | G8: Branch Calendar Event | H8: Training - AA
A9: 4 | B9: Scouting Management - Group Leaders (Brisbane) | D9: 46023 | E9: 46023 | F9: =IF(OR(ISBLANK(start_date),ISBLANK(end_date)),"",1+ROUND(((EOMONTH(end_date,0)-EOMONTH(start_date,0))/30),0)) -> 1 | G9: Branch Calendar Event | H9: Training - AA
A10: 5 | B10: Paddling - Kayak Inland Flatwater TP (Wide Bay) | D10: 46024 | E10: 46024 | F10: =IF(OR(ISBLANK(start_date),ISBLANK(end_date)),"",1+ROUND(((EOMONTH(end_date,0)-EOMONTH(start_date,0))/30),0)) -> 1 | G10: Branch Calendar Event | H10: Training - AA
A11: 6 | B11: Paddling - SUP Inland Flatwater SP | D11: 46024 | E11: 46024 | F11: =IF(OR(ISBLANK(start_date),ISBLANK(end_date)),"",1+ROUND(((EOMONTH(end_date,0)-EOMONTH(start_date,0))/30),0)) -> 1 | G11: Branch Calendar Event | H11: Training - AA
A12: 7 | B12: Cycling - On Road - SP/TP (Wide Bay) | D12: 46029 | E12: 46029 | F12: =IF(OR(ISBLANK(start_date),ISBLANK(end_date)),"",1+ROUND(((EOMONTH(end_date,0)-EOMONTH(start_date,0))/30),0)) -> 1 | G12: Branch Calendar Event | H12: Training - AA
A13: 8 | B13: Cycling - On Road - SP/TP (Wide Bay) | D13: 46029 | E13: 46029 | F13: =IF(OR(ISBLANK(start_date),ISBLANK(end_date)),"",1+ROUND(((EOMONTH(end_date,0)-EOMONTH(start_date,0))/30),0)) -> 1 | G13: Branch Calendar Event | H13: Training - AA
A14: 9 | B14: Queensland Branch Rover Council Meeting | D14: 46039 | E14: 46039 | F14: =IF(OR(ISBLANK(start_date),ISBLANK(end_date)),"",1+ROUND(((EOMONTH(end_date,0)-EOMONTH(start_date,0))/30),0)) -> 1 | G14: Branch Calendar Event | H14: Rover Scouts
A15: 10 | B15: Branch Finance Committee | D15: 46040 | E15: 46040 | F15: =IF(OR(ISBLANK(start_date),ISBLANK(end_date)),"",1+ROUND(((EOMONTH(end_date,0)-EOMONTH(start_date,0))/30),0)) -> 1 | G15: Branch Calendar Event | H15: 0
A16: 11 | B16: Branch Joey Scout Council | D16: 46042 | E16: 46042 | F16: =IF(OR(ISBLANK(start_date),ISBLANK(end_date)),"",1+ROUND(((EOMONTH(end_date,0)-EOMONTH(start_date,0))/30),0)) -> 1 | G16: Branch Calendar Event | H16: Joey Scouts
A17: 12 | B17: Australia Day | D17: 46047 | E17: 46047 | F17: =IF(OR(ISBLANK(start_date),ISBLANK(end_date)),"",1+ROUND(((EOMONTH(end_date,0)-EOMONTH(start_date,0))/30),0)) -> 1 | G17: Branch Calendar Event | H17: 0
A18: 13 | B18: Branch Executive Committee | D18: 46048 | E18: 46048 | F18: =IF(OR(ISBLANK(start_date),ISBLANK(end_date)),"",1+ROUND(((EOMONTH(end_date,0)-EOMONTH(start_date,0))/30),0)) -> 1 | G18: Branch Calendar Event | H18: 0
A19: 14 | B19: Cycling - Off Road - SP/TP (Brisbane) | D19: 46057 | E19: 46057 | F19: =IF(OR(ISBLANK(start_date),ISBLANK(end_date)),"",1+ROUND(((EOMONTH(end_date,0)-EOMONTH(start_date,0))/30),0)) -> 1 | G19: Branch Calendar Event | H19: Training - AA
A20: 15 | B20: Scouting Leadership (Online) | D20: 46058 | E20: 46058 | F20: =IF(OR(ISBLANK(start_date),ISBLANK(end_date)),"",1+ROUND(((EOMONTH(end_date,0)-EOMONTH(start_date,0))/30),0)) -> 1 | G20: Branch Calendar Event | H20: Training - AA
A21: 16 | B21: Cycling - Off Road - SP/TP (Wide Bay) | D21: 46060 | E21: 46060 | F21: =IF(OR(ISBLANK(start_date),ISBLANK(end_date)),"",1+ROUND(((EOMONTH(end_date,0)-EOMONTH(start_date,0))/30),0)) -> 1 | G21: Branch Calendar Event | H21: Training - AA
A22: 17 | B22: Cycling - Off Road - SP/TP (Wide Bay) | D22: 46060 | E22: 46060 | F22: =IF(OR(ISBLANK(start_date),ISBLANK(end_date)),"",1+ROUND(((EOMONTH(end_date,0)-EOMONTH(start_date,0))/30),0)) -> 1 | G22: Branch Calendar Event | H22: 0
A23: 18 | B23: Scouting Adventure (Brisbane) | D23: 46062 | E23: 46121 | F23: =IF(OR(ISBLANK(start_date),ISBLANK(end_date)),"",1+ROUND(((EOMONTH(end_date,0)-EOMONTH(start_date,0))/30),0)) -> 3 | G23: Branch Calendar Event | H23: Training - AA
A24: 19 | B24: Scouting Essentials (Brisbane) | D24: 46062 | E24: 46121 | F24: =IF(OR(ISBLANK(start_date),ISBLANK(end_date)),"",1+ROUND(((EOMONTH(end_date,0)-EOMONTH(start_date,0))/30),0)) -> 3 | G24: Branch Calendar Event | H24: Training - AA
A25: 20 | B25: Scouting Adventure (Brisbane) | D25: 46062 | E25: 46121 | F25: =IF(OR(ISBLANK(start_date),ISBLANK(end_date)),"",1+ROUND(((EOMONTH(end_date,0)-EOMONTH(start_date,0))/30),0)) -> 3 | G25: Branch Calendar Event | H25: 0
A26: 21 | B26: Scouting Essentials (Brisbane) | D26: 46062 | E26: 46121 | F26: =IF(OR(ISBLANK(start_date),ISBLANK(end_date)),"",1+ROUND(((EOMONTH(end_date,0)-EOMONTH(start_date,0))/30),0)) -> 3 | G26: Branch Calendar Event | H26: 0
A27: 22 | B27: Queensland Branch Rover Council Meeting | D27: 46067 | E27: 46067 | F27: =IF(OR(ISBLANK(start_date),ISBLANK(end_date)),"",1+ROUND(((EOMONTH(end_date,0)-EOMONTH(start_date,0))/30),0)) -> 1 | G27: Branch Calendar Event | H27: Rover Scouts
A28: 23 | B28: Branch Finance Committee | D28: 46068 | E28: 46068 | F28: =IF(OR(ISBLANK(start_date),ISBLANK(end_date)),"",1+ROUND(((EOMONTH(end_date,0)-EOMONTH(start_date,0))/30),0)) -> 1 | G28: Branch Calendar Event | H28: 0
A29: 24 | B29: Branch Scout Section Council | D29: 46068 | E29: 46068 | F29: =IF(OR(ISBLANK(start_date),ISBLANK(end_date)),"",1+ROUND(((EOMONTH(end_date,0)-EOMONTH(start_date,0))/30),0)) -> 1 | G29: Branch Calendar Event | H29: 0
A30: 25 | B30: Branch Youth Venturer Scout Council | D30: 46070 | E30: 46070 | F30: =IF(OR(ISBLANK(start_date),ISBLANK(end_date)),"",1+ROUND(((EOMONTH(end_date,0)-EOMONTH(start_date,0))/30),0)) -> 1 | G30: Branch Calendar Event | H30: 0
A31: 26 | B31: Branch Joey Scout Council | D31: 46070 | E31: 46070 | F31: =IF(OR(ISBLANK(start_date),ISBLANK(end_date)),"",1+ROUND(((EOMONTH(end_date,0)-EOMONTH(start_date,0))/30),0)) -> 1 | G31: Branch Calendar Event | H31: Joey Scouts
A32: 27 | B32: Branch Cub Scout Section Team Meeting | D32: 46071 | E32: 46071 | F32: =IF(OR(ISBLANK(start_date),ISBLANK(end_date)),"",1+ROUND(((EOMONTH(end_date,0)-EOMONTH(start_date,0))/30),0)) -> 1 | G32: Branch Calendar Event | H32: 0
A33: 28 | B33: Founder's Day Dinner | D33: 46072 | E33: 46072 | F33: =IF(OR(ISBLANK(start_date),ISBLANK(end_date)),"",1+ROUND(((EOMONTH(end_date,0)-EOMONTH(start_date,0))/30),0)) -> 1 | G33: Branch Calendar Event | H33: 0
A34: 29 | B34: Scouting Adventure (Ipswich) | D34: 46072 | E34: 46074 | F34: =IF(OR(ISBLANK(start_date),ISBLANK(end_date)),"",1+ROUND(((EOMONTH(end_date,0)-EOMONTH(start_date,0))/30),0)) -> 1 | G34: Branch Calendar Event | H34: Training - AA
A35: 30 | B35: Scouting Adventure (Ipswich) | D35: 46072 | E35: 46074 | F35: =IF(OR(ISBLANK(start_date),ISBLANK(end_date)),"",1+ROUND(((EOMONTH(end_date,0)-EOMONTH(start_date,0))/30),0)) -> 1 | G35: Branch Calendar Event | H35: Training - AA
A36: 31 | B36: Synchronised Cub Scout Camp (local groups) | D36: 46072 | E36: 46074 | F36: =IF(OR(ISBLANK(start_date),ISBLANK(end_date)),"",1+ROUND(((EOMONTH(end_date,0)-EOMONTH(start_date,0))/30),0)) -> 1 | G36: Branch Calendar Event | H36: 0
A37: 32 | B37: Paddling - SUP Inland Flatwater SP/TP | D37: 46073 | E37: 46073 | F37: =IF(OR(ISBLANK(start_date),ISBLANK(end_date)),"",1+ROUND(((EOMONTH(end_date,0)-EOMONTH(start_date,0))/30),0)) -> 1 | G37: Branch Calendar Event | H37: Training - AA
A38: 33 | B38: Paddling - SUP Inland Flatwater SP/TP | D38: 46073 | E38: 46073 | F38: =IF(OR(ISBLANK(start_date),ISBLANK(end_date)),"",1+ROUND(((EOMONTH(end_date,0)-EOMONTH(start_date,0))/30),0)) -> 1 | G38: Branch Calendar Event | H38: Training - AA
A39: 34 | B39: Founder's Day | D39: 46074 | E39: 46074 | F39: =IF(OR(ISBLANK(start_date),ISBLANK(end_date)),"",1+ROUND(((EOMONTH(end_date,0)-EOMONTH(start_date,0))/30),0)) -> 1 | G39: Branch Calendar Event | H39: 0
A40: 35 | B40: ARA Nominations Deadline | D40: 46075 | E40: 46075 | F40: =IF(OR(ISBLANK(start_date),ISBLANK(end_date)),"",1+ROUND(((EOMONTH(end_date,0)-EOMONTH(start_date,0))/30),0)) -> 1 | G40: Branch Calendar Event | H40: 0
A41: 36 | B41: Scouting Essentials (Online) | D41: 46076 | E41: 46076 | F41: =IF(OR(ISBLANK(start_date),ISBLANK(end_date)),"",1+ROUND(((EOMONTH(end_date,0)-EOMONTH(start_date,0))/30),0)) -> 1 | G41: Branch Calendar Event | H41: Training - AA
A42: 37 | B42: Branch Executive Committee | D42: 46076 | E42: 46076 | F42: =IF(OR(ISBLANK(start_date),ISBLANK(end_date)),"",1+ROUND(((EOMONTH(end_date,0)-EOMONTH(start_date,0))/30),0)) -> 1 | G42: Branch Calendar Event | H42: 0
A43: 38 | B43: Scouting Essentials (Online) | D43: 46076 | E43: 46076 | F43: =IF(OR(ISBLANK(start_date),ISBLANK(end_date)),"",1+ROUND(((EOMONTH(end_date,0)-EOMONTH(start_date,0))/30),0)) -> 1 | G43: Branch Calendar Event | H43: Training: Wood Badge
A44: 39 | B44: Scouting Essentials (Online) | D44: 46076 | E44: 46076 | F44: =IF(OR(ISBLANK(start_date),ISBLANK(end_date)),"",1+ROUND(((EOMONTH(end_date,0)-EOMONTH(start_date,0))/30),0)) -> 1 | G44: Branch Calendar Event | H44: Training - AA
A45: 40 | B45: Queensland Rover Moot (Q Moot) | D45: 46079 | E45: 46081 | F45: =IF(OR(ISBLANK(start_date),ISBLANK(end_date)),"",1+ROUND(((EOMONTH(end_date,0)-EOMONTH(start_date,0))/30),0)) -> 1 | G45: Branch Calendar Event | H45: Rover Scouts
A46: 41 | B46: Paddling - Canoe/Kayak Inland Flatwater SP | D46: 46080 | E46: 46080 | F46: =IF(OR(ISBLANK(start_date),ISBLANK(end_date)),"",1+ROUND(((EOMONTH(end_date,0)-EOMONTH(start_date,0))/30),0)) -> 1 | G46: Branch Calendar Event | H46: Training - AA
A47: 42 | B47: Paddling - Canoe/Kayak Inland Flatwater SP | D47: 46080 | E47: 46080 | F47: =IF(OR(ISBLANK(start_date),ISBLANK(end_date)),"",1+ROUND(((EOMONTH(end_date,0)-EOMONTH(start_date,0))/30),0)) -> 1 | G47: Branch Calendar Event | H47: 0
A48: 43 | B48: Paddling - Kayak Inland Flatwater TP (Wide Bay) | D48: 46080 | E48: 46080 | F48: =IF(OR(ISBLANK(start_date),ISBLANK(end_date)),"",1+ROUND(((EOMONTH(end_date,0)-EOMONTH(start_date,0))/30),0)) -> 1 | G48: Branch Calendar Event | H48: Training - AA
A49: 44 | B49: Paddling - Canoe/Kayak Inland Flatwater SP | D49: 46080 | E49: 46080 | F49: =IF(OR(ISBLANK(start_date),ISBLANK(end_date)),"",1+ROUND(((EOMONTH(end_date,0)-EOMONTH(start_date,0))/30),0)) -> 1 | G49: Branch Calendar Event | H49: Training - AA
A50: 45 | B50: Paddling - Canoe/Kayak Inland Flatwater SP | D50: 46080 | E50: 46080 | F50: =IF(OR(ISBLANK(start_date),ISBLANK(end_date)),"",1+ROUND(((EOMONTH(end_date,0)-EOMONTH(start_date,0))/30),0)) -> 1 | G50: Branch Calendar Event | H50: Training - AA
A51: 46 | B51: Scouting Adventure (Townsville) | D51: 46080 | E51: 46081 | F51: =IF(OR(ISBLANK(start_date),ISBLANK(end_date)),"",1+ROUND(((EOMONTH(end_date,0)-EOMONTH(start_date,0))/30),0)) -> 1 | G51: Branch Calendar Event | H51: Training - AA
A52: 47 | B52: Paddling - SUP Inland Flatwater SP | D52: 46081 | E52: 46081 | F52: =IF(OR(ISBLANK(start_date),ISBLANK(end_date)),"",1+ROUND(((EOMONTH(end_date,0)-EOMONTH(start_date,0))/30),0)) -> 1 | G52: Branch Calendar Event | H52: Training - AA
A53: 48 | B53: Scouting Leadership (Rockhampton) | D53: 46086 | E53: 46088 | F53: =IF(OR(ISBLANK(start_date),ISBLANK(end_date)),"",1+ROUND(((EOMONTH(end_date,0)-EOMONTH(start_date,0))/30),0)) -> 1 | G53: Branch Calendar Event | H53: Training - AA
A54: 49 | B54: Region Commissioners Conference | D54: 46086 | E54: 46088 | F54: =IF(OR(ISBLANK(start_date),ISBLANK(end_date)),"",1+ROUND(((EOMONTH(end_date,0)-EOMONTH(start_date,0))/30),0)) -> 1 | G54: Branch Calendar Event | H54: 0
A55: 50 | B55: Basic Water Rescue (FNR) | D55: 46087 | E55: 46087 | F55: =IF(OR(ISBLANK(start_date),ISBLANK(end_date)),"",1+ROUND(((EOMONTH(end_date,0)-EOMONTH(start_date,0))/30),0)) -> 1 | G55: Branch Calendar Event | H55: Training - AA
A56: 51 | B56: Snorkelling - SP/Guide (Sunshine Coast) | D56: 46087 | E56: 46088 | F56: =IF(OR(ISBLANK(start_date),ISBLANK(end_date)),"",1+ROUND(((EOMONTH(end_date,0)-EOMONTH(start_date,0))/30),0)) -> 1 | G56: Branch Calendar Event | H56: Training - AA
A57: 52 | B57: Scouting Management - Group Leaders (Online) | D57: 46091 | E57: 46112 | F57: =IF(OR(ISBLANK(start_date),ISBLANK(end_date)),"",1+ROUND(((EOMONTH(end_date,0)-EOMONTH(start_date,0))/30),0)) -> 1 | G57: Branch Calendar Event | H57: 0
A58: 53 | B58: Scouting Management - Group Leaders (Online) | D58: 46091 | E58: 46091 | F58: =IF(OR(ISBLANK(start_date),ISBLANK(end_date)),"",1+ROUND(((EOMONTH(end_date,0)-EOMONTH(start_date,0))/30),0)) -> 1 | G58: Branch Calendar Event | H58: Training - AA
A59: 54 | B59: Scouting Leadership (Brisbane) | D59: 46093 | E59: 46095 | F59: =IF(OR(ISBLANK(start_date),ISBLANK(end_date)),"",1+ROUND(((EOMONTH(end_date,0)-EOMONTH(start_date,0))/30),0)) -> 1 | G59: Branch Calendar Event | H59: Training - AA
A60: 55 | B60: Scouting Adventure (Mackay) | D60: 46093 | E60: 46095 | F60: =IF(OR(ISBLANK(start_date),ISBLANK(end_date)),"",1+ROUND(((EOMONTH(end_date,0)-EOMONTH(start_date,0))/30),0)) -> 1 | G60: Branch Calendar Event | H60: Training - AA
A61: 56 | B61: Scouting Essentials (Emerald) Course | D61: 46093 | E61: 46095 | F61: =IF(OR(ISBLANK(start_date),ISBLANK(end_date)),"",1+ROUND(((EOMONTH(end_date,0)-EOMONTH(start_date,0))/30),0)) -> 1 | G61: Branch Calendar Event | H61: Training - AA
A62: 57 | B62: Scouting Leadership (Townsville) | D62: 46093 | E62: 46095 | F62: =IF(OR(ISBLANK(start_date),ISBLANK(end_date)),"",1+ROUND(((EOMONTH(end_date,0)-EOMONTH(start_date,0))/30),0)) -> 1 | G62: Branch Calendar Event | H62: Training - AA
A63: 58 | B63: Hop-a-long Leader Conference | D63: 46094 | E63: 46094 | F63: =IF(OR(ISBLANK(start_date),ISBLANK(end_date)),"",1+ROUND(((EOMONTH(end_date,0)-EOMONTH(start_date,0))/30),0)) -> 1 | G63: Branch Calendar Event | H63: 0
A64: 59 | B64: Queensland Branch Rover Council Meeting | D64: 46095 | E64: 46095 | F64: =IF(OR(ISBLANK(start_date),ISBLANK(end_date)),"",1+ROUND(((EOMONTH(end_date,0)-EOMONTH(start_date,0))/30),0)) -> 1 | G64: Branch Calendar Event | H64: Rover Scouts
A65: 60 | B65: Branch Scout Section Council | D65: 46096 | E65: 46096 | F65: =IF(OR(ISBLANK(start_date),ISBLANK(end_date)),"",1+ROUND(((EOMONTH(end_date,0)-EOMONTH(start_date,0))/30),0)) -> 1 | G65: Branch Calendar Event | H65: 0
A66: 61 | B66: Branch Finance Committee | D66: 46096 | E66: 46096 | F66: =IF(OR(ISBLANK(start_date),ISBLANK(end_date)),"",1+ROUND(((EOMONTH(end_date,0)-EOMONTH(start_date,0))/30),0)) -> 1 | G66: Branch Calendar Event | H66: 0
A67: 62 | B67: Branch Youth Venturer Scout Council | D67: 46098 | E67: 46098 | F67: =IF(OR(ISBLANK(start_date),ISBLANK(end_date)),"",1+ROUND(((EOMONTH(end_date,0)-EOMONTH(start_date,0))/30),0)) -> 1 | G67: Branch Calendar Event | H67: 0
A68: 63 | B68: Branch Cub Scout Section Team Meeting | D68: 46099 | E68: 46099 | F68: =IF(OR(ISBLANK(start_date),ISBLANK(end_date)),"",1+ROUND(((EOMONTH(end_date,0)-EOMONTH(start_date,0))/30),0)) -> 1 | G68: Branch Calendar Event | H68: 0
A69: 64 | B69: Scouting Adventure (Brisbane) | D69: 46100 | E69: 46102 | F69: =IF(OR(ISBLANK(start_date),ISBLANK(end_date)),"",1+ROUND(((EOMONTH(end_date,0)-EOMONTH(start_date,0))/30),0)) -> 1 | G69: Branch Calendar Event | H69: Training - AA
A70: 65 | B70: Scouting Management - Group Leaders (Brisbane) | D70: 46100 | E70: 46102 | F70: =IF(OR(ISBLANK(start_date),ISBLANK(end_date)),"",1+ROUND(((EOMONTH(end_date,0)-EOMONTH(start_date,0))/30),0)) -> 1 | G70: Branch Calendar Event | H70: Training - AA
A71: 66 | B71: Scouting Essentials (Brisbane) | D71: 46100 | E71: 46102 | F71: =IF(OR(ISBLANK(start_date),ISBLANK(end_date)),"",1+ROUND(((EOMONTH(end_date,0)-EOMONTH(start_date,0))/30),0)) -> 1 | G71: Branch Calendar Event | H71: Training - AA
A72: 67 | B72: Scouting Essentials (FNR) | D72: 46100 | E72: 46102 | F72: =IF(OR(ISBLANK(start_date),ISBLANK(end_date)),"",1+ROUND(((EOMONTH(end_date,0)-EOMONTH(start_date,0))/30),0)) -> 1 | G72: Branch Calendar Event | H72: Training - AA
A73: 68 | B73: Harmony Day | D73: 46101 | E73: 46101 | F73: =IF(OR(ISBLANK(start_date),ISBLANK(end_date)),"",1+ROUND(((EOMONTH(end_date,0)-EOMONTH(start_date,0))/30),0)) -> 1 | G73: Branch Calendar Event | H73: 0
A74: 69 | B74: Branch Executive Committee | D74: 46104 | E74: 46104 | F74: =IF(OR(ISBLANK(start_date),ISBLANK(end_date)),"",1+ROUND(((EOMONTH(end_date,0)-EOMONTH(start_date,0))/30),0)) -> 1 | G74: Branch Calendar Event | H74: 0
A75: 70 | B75: Region Activity Weekend (RAW) | D75: 46107 | E75: 46109 | F75: =IF(OR(ISBLANK(start_date),ISBLANK(end_date)),"",1+ROUND(((EOMONTH(end_date,0)-EOMONTH(start_date,0))/30),0)) -> 1 | G75: Branch Calendar Event | H75: 0
A76: 71 | B76: Vertical - Abseiling Natural SP (Wide Bay) | D76: 46108 | E76: 46109 | F76: =IF(OR(ISBLANK(start_date),ISBLANK(end_date)),"",1+ROUND(((EOMONTH(end_date,0)-EOMONTH(start_date,0))/30),0)) -> 1 | G76: Branch Calendar Event | H76: Training - AA
A77: 72 | B77: Basic Water Rescue (FNQ) | D77: 46108 | E77: 46108 | F77: =IF(OR(ISBLANK(start_date),ISBLANK(end_date)),"",1+ROUND(((EOMONTH(end_date,0)-EOMONTH(start_date,0))/30),0)) -> 1 | G77: Branch Calendar Event | H77: Training - AA
A78: 73 | B78: Good Friday | D78: 46114 | E78: 46114 | F78: =IF(OR(ISBLANK(start_date),ISBLANK(end_date)),"",1+ROUND(((EOMONTH(end_date,0)-EOMONTH(start_date,0))/30),0)) -> 1 | G78: Branch Calendar Event | H78: 0
A79: 74 | B79: Kiwi Woggle | D79: 46114 | E79: 46117 | F79: =IF(OR(ISBLANK(start_date),ISBLANK(end_date)),"",1+ROUND(((EOMONTH(end_date,0)-EOMONTH(start_date,0))/30),0)) -> 1 | G79: Branch Calendar Event | H79: 0
A80: 75 | B80: Easter Saturday | D80: 46115 | E80: 46115 | F80: =IF(OR(ISBLANK(start_date),ISBLANK(end_date)),"",1+ROUND(((EOMONTH(end_date,0)-EOMONTH(start_date,0))/30),0)) -> 1 | G80: Branch Calendar Event | H80: 0
A81: 76 | B81: School Holidays (April) | D81: 46115 | E81: 46131 | F81: =IF(OR(ISBLANK(start_date),ISBLANK(end_date)),"",1+ROUND(((EOMONTH(end_date,0)-EOMONTH(start_date,0))/30),0)) -> 1 | G81: Reference | H81: 0
A82: 77 | B82: Easter Sunday | D82: 46116 | E82: 46116 | F82: =IF(OR(ISBLANK(start_date),ISBLANK(end_date)),"",1+ROUND(((EOMONTH(end_date,0)-EOMONTH(start_date,0))/30),0)) -> 1 | G82: Branch Calendar Event | H82: 0
A83: 78 | B83: Easter Monday | D83: 46117 | E83: 46117 | F83: =IF(OR(ISBLANK(start_date),ISBLANK(end_date)),"",1+ROUND(((EOMONTH(end_date,0)-EOMONTH(start_date,0))/30),0)) -> 1 | G83: Branch Calendar Event | H83: 0
A84: 79 | B84: Cuboree | D84: 46120 | E84: 46124 | F84: =IF(OR(ISBLANK(start_date),ISBLANK(end_date)),"",1+ROUND(((EOMONTH(end_date,0)-EOMONTH(start_date,0))/30),0)) -> 1 | G84: Branch Calendar Event | H84: 0
A85: 80 | B85: Scouting Essentials (Bundaberg) | D85: 46121 | E85: 46123 | F85: =IF(OR(ISBLANK(start_date),ISBLANK(end_date)),"",1+ROUND(((EOMONTH(end_date,0)-EOMONTH(start_date,0))/30),0)) -> 1 | G85: Branch Calendar Event | H85: Training - AA
A86: 81 | B86: Scouting Leadership (Online) | D86: 46122 | E86: 46122 | F86: =IF(OR(ISBLANK(start_date),ISBLANK(end_date)),"",1+ROUND(((EOMONTH(end_date,0)-EOMONTH(start_date,0))/30),0)) -> 1 | G86: Branch Calendar Event | H86: 0
A87: 82 | B87: Scouting Leadership (Online) | D87: 46122 | E87: 46122 | F87: =IF(OR(ISBLANK(start_date),ISBLANK(end_date)),"",1+ROUND(((EOMONTH(end_date,0)-EOMONTH(start_date,0))/30),0)) -> 1 | G87: Branch Calendar Event | H87: Training - AA
A88: 83 | B88: Branch Joey Scout Council | D88: 46126 | E88: 46126 | F88: =IF(OR(ISBLANK(start_date),ISBLANK(end_date)),"",1+ROUND(((EOMONTH(end_date,0)-EOMONTH(start_date,0))/30),0)) -> 1 | G88: Branch Calendar Event | H88: Joey Scouts
A89: 84 | B89: Branch Youth Venturer Scout Council | D89: 46126 | E89: 46126 | F89: =IF(OR(ISBLANK(start_date),ISBLANK(end_date)),"",1+ROUND(((EOMONTH(end_date,0)-EOMONTH(start_date,0))/30),0)) -> 1 | G89: Branch Calendar Event | H89: 0
A90: 85 | B90: Branch Cub Scout Section Team Meeting | D90: 46127 | E90: 46127 | F90: =IF(OR(ISBLANK(start_date),ISBLANK(end_date)),"",1+ROUND(((EOMONTH(end_date,0)-EOMONTH(start_date,0))/30),0)) -> 1 | G90: Branch Calendar Event | H90: Cub Scouts
A91: 86 | B91: Queensland Branch Rover Council Meeting | D91: 46130 | E91: 46130 | F91: =IF(OR(ISBLANK(start_date),ISBLANK(end_date)),"",1+ROUND(((EOMONTH(end_date,0)-EOMONTH(start_date,0))/30),0)) -> 1 | G91: Branch Calendar Event | H91: Rover Scouts
A92: 87 | B92: Branch Scout Section Council | D92: 46131 | E92: 46131 | F92: =IF(OR(ISBLANK(start_date),ISBLANK(end_date)),"",1+ROUND(((EOMONTH(end_date,0)-EOMONTH(start_date,0))/30),0)) -> 1 | G92: Branch Calendar Event | H92: 0
A93: 88 | B93: Branch Finance Committee | D93: 46131 | E93: 46131 | F93: =IF(OR(ISBLANK(start_date),ISBLANK(end_date)),"",1+ROUND(((EOMONTH(end_date,0)-EOMONTH(start_date,0))/30),0)) -> 1 | G93: Branch Calendar Event | H93: 0
A94: 89 | B94: Scouting Management - Commissioners and Advisors (Online) | D94: 46133 | E94: 46133 | F94: =IF(OR(ISBLANK(start_date),ISBLANK(end_date)),"",1+ROUND(((EOMONTH(end_date,0)-EOMONTH(start_date,0))/30),0)) -> 1 | G94: Branch Calendar Event | H94: Training - AA
A95: 90 | B95: ANZAC Day | D95: 46136 | E95: 46136 | F95: =IF(OR(ISBLANK(start_date),ISBLANK(end_date)),"",1+ROUND(((EOMONTH(end_date,0)-EOMONTH(start_date,0))/30),0)) -> 1 | G95: Branch Calendar Event | H95: 0
A96: 91 | B96: Joey Leader Online Forum | D96: 46137 | E96: 46137 | F96: =IF(OR(ISBLANK(start_date),ISBLANK(end_date)),"",1+ROUND(((EOMONTH(end_date,0)-EOMONTH(start_date,0))/30),0)) -> 1 | G96: Branch Calendar Event | H96: Joey Scouts
A97: 92 | B97: Branch Executive Committee | D97: 46139 | E97: 46139 | F97: =IF(OR(ISBLANK(start_date),ISBLANK(end_date)),"",1+ROUND(((EOMONTH(end_date,0)-EOMONTH(start_date,0))/30),0)) -> 1 | G97: Branch Calendar Event | H97: 0
A98: 93 | B98: TNT (Test'N'Track) Moot | D98: 46142 | E98: 46145 | F98: =IF(OR(ISBLANK(start_date),ISBLANK(end_date)),"",1+ROUND(((EOMONTH(end_date,0)-EOMONTH(start_date,0))/30),0)) -> 2 | G98: Branch Calendar Event | H98: 0
A99: 94 | B99: Cycling - Off Road - SP/TP (Brisbane) | D99: 46143 | E99: 46143 | F99: =IF(OR(ISBLANK(start_date),ISBLANK(end_date)),"",1+ROUND(((EOMONTH(end_date,0)-EOMONTH(start_date,0))/30),0)) -> 1 | G99: Branch Calendar Event | H99: Training - AA
A100: 95 | B100: Labour Day | D100: 46145 | E100: 46145 | F100: =IF(OR(ISBLANK(start_date),ISBLANK(end_date)),"",1+ROUND(((EOMONTH(end_date,0)-EOMONTH(start_date,0))/30),0)) -> 1 | G100: Branch Calendar Event | H100: 0
A101: 96 | B101: Scouting Essentials (Rockhampton) | D101: 46147 | E101: 46147 | F101: =IF(OR(ISBLANK(start_date),ISBLANK(end_date)),"",1+ROUND(((EOMONTH(end_date,0)-EOMONTH(start_date,0))/30),0)) -> 1 | G101: Branch Calendar Event | H101: Training - AA
...

Sheet Manual Dates
E1: ADD TO THIS SHEET TO AUTOMATICALLY ADD TO THE MASTER LISTING
A2: FileSystemObjectType | B2: Id | C2: ServerRedirectedEmbedUri | D2: ServerRedirectedEmbedUrl | E2: Title | F2: Description | G2: Priority | H2: Parent Work ItemId | I2: Category0 | J2: Progress | K2: StartDate | L2: DueDate | M2: AssignedTo0Id | N2: AssignedTo0StringId | O2: Notes | P2: KeyStakeholdersId | Q2: KeyStakeholdersStringId | R2: Location | S2: Tags | T2: CalendarID | U2: ContentTypeId | V2: OData__ColorTag | W2: ComplianceAssetId | X2: Operational ActionId | Y2: YPT Tag | Z2: Responsible | AA2: Change Category | AB2: Milestone | AC2: ID.1 | AD2: Modified | AE2: Created | AF2: AuthorId | AG2: EditorId | AH2: OData__UIVersionString | AI2: Attachments | AJ2: GUID | AK2: Title2 | AL2: District | AM2: Section
E3: School Holidays (April) | J3: Calendar Entry | K3: 46115 | L3: 46131 | AA3: Reference | AN3: Reference Date
E4: School Holidays (July) | J4: Calendar Entry | K4: 46200 | L4: 46217 | AA4: Reference | AN4: Reference Date
E5: School Holidays (September) | J5: Calendar Entry | K5: 46284 | L5: 46300 | AA5: Reference | AN5: Reference Date
E6: School Holidays (December) | J6: Calendar Entry | K6: 46368 | L6: 46413 | AA6: Reference | AN6: Reference Date
E7: School Holidays (April) | J7: Calendar Entry | K7: 46472 | L7: 46488 | AA7: Reference | AN7: Reference Date
E8: School Holidays (July) | J8: Calendar Entry | K8: 46564 | L8: 46579 | AA8: Reference | AN8: Reference Date
E9: School Holidays (September) | J9: Calendar Entry | K9: 46648 | L9: 46664 | AA9: Reference | AN9: Reference Date
E10: School Holidays (December) | J10: Calendar Entry | K10: 46732 | L10: 46775 | AA10: Reference | AN10: Reference Date
E11: School Holidays (April) | J11: Calendar Entry | K11: 46844 | L11: 46860 | AA11: Reference | AN11: Reference Date
E12: School Holidays (July) | J12: Calendar Entry | K12: 46928 | L12: 46943 | AA12: Reference | AN12: Reference Date
E13: School Holidays (September) | J13: Calendar Entry | K13: 47012 | L13: 47028 | AA13: Reference | AN13: Reference Date
E14: School Holidays (December) | J14: Calendar Entry | K14: 47096 | L14: 47139 | AA14: Reference | AN14: Reference Date
... E18: School Holidays (December) | J18: Calendar Entry | K18: 47460 | L18: 47483 | AA18: Reference | AN18: Reference Date
E19: ScoutFest 2027 | J19: Calendar Entry | K19: 46619 | L19: 46621 | AA19: Youth Program Event
E20: Easter 2027 | J20: Calendar Entry | K20: 46472 | L20: 46475 | AA20: Reference | AN20: Reference Date
E21: Easter 2028 | J21: Calendar Entry | K21: 46857 | L21: 46860 | AA21: Reference | AN21: Reference Date
E22: Easter 2029 | J22: Calendar Entry | K22: 47207 | L22: 47210 | AA22: Reference | AN22: Reference Date
E23: Skillorama | J23: Calendar Entry | K23: 46270 | L23: 46270 | AA23: Youth Program Event
E24: Joey Scout Hopalong | J24: Calendar Entry | K24: 46459 | L24: 46459 | AA24: Youth Program Event
E25: ScoutOut | J25: Calendar Entry | K25: 46319 | L25: 46320 | AA25: Youth Program Event
E26: Cub Scout Leader Expo | J26: Calendar Entry | K26: 46620 | L26: 46622 | AA26: Youth Program Event
E27: Nighthawk (Crows Nest) | J27: Calendar Entry | K27: 46613 | L27: 46614 | AA27: Youth Program Event
E28: Test N Track Moot | J28: Calendar Entry | K28: 46508 | L28: 46508 | AA28: Youth Program Event | AN28: Approx date only
E29: Banana Bash | J29: Calendar Entry | K29: 46661 | L29: 46661 | AA29: Youth Program Event | AN29: Approx date only
E30: QBRC Conference | J30: Calendar Entry | K30: 46447 | L30: 46447 | AA30: Youth Program Event | AN30: Approx date only
E31: QBRC Conference | J31: Calendar Entry | K31: 46692 | L31: 46692 | AA31: Youth Program Event | AN31: Approx date only
E32: Qld Rovers ARP | J32: Calendar Entry | K32: 46539 | L32: 46539 | AA32: Youth Program Event | AN32: Approx date only
E33: QBRC Conference | J33: Calendar Entry | K33: 46569 | L33: 46569 | AA33: Youth Program Event | AN33: Approx date only
E34: Banana Bash applications period | J34: Calendar Entry | K34: 46631 | L34: 46631 | AA34: Prep | AN34: Approx date only
E35: QARM | J35: Calendar Entry | K35: 46419 | L35: 46419 | AA35: Youth Program Event | AN35: Approx date only
E36: QARM applications period | J36: Calendar Entry | K36: 46357 | L36: 46418 | AA36: Prep | AN36: Approx date only
E37: QMoot | J37: Calendar Entry | K37: 46447 | L37: 46447 | AA37: Youth Program Event | AN37: Approx date only
E38: QMoot applications period | J38: Calendar Entry | K38: 46388 | L38: 46446 | AA38: Prep | AN38: Approx date only
E39: Urban Challenge | J39: Calendar Entry | K39: 46508 | L39: 46508 | AA39: Youth Program Event | AN39: Approx date only
... E41: RoVenture | J41: Calendar Entry | K41: 46569 | L41: 46569 | AA41: Youth Program Event | AN41: Approx date only
E42: RoVenture applications period | J42: Calendar Entry | K42: 46539 | L42: 46539 | AA42: Prep | AN42: Approx date only | AQ42: In relation to key dates:
E43: St George's Ball | J43: Calendar Entry | K43: 46631 | L43: 46631 | AA43: Youth Program Event | AN43: Approx date only | AQ43: 1. Committee appointed – 12 months out
E44: St George's Ball ticket purchasing period | J44: Calendar Entry | K44: 46600 | L44: 46600 | AA44: Prep | AN44: Approx date only | AQ44: 2. Budget Approved - 4 months out
E45: District/Region Moot | J45: Calendar Entry | K45: 46661 | L45: 46661 | AA45: Youth Program Event | AN45: Approx date only | AQ45: 3. Applications open – 4 months out
E46: QBRC Budget approval | J46: Calendar Entry | K46: 46419 | L46: 46419 | AA46: Prep | AN46: Approx date only | AQ46: 4. Marketing starts – 4 months out
E47: Joey Scouts - Personal Development Course. | F47: Pilot Course run for Region only. Future Courses could all ow for other formations to attend. | J47: Calendar Entry | K47: 46388 | L47: 46388 | Z47: Moreton Region | AA47: Youth Program Event | AM47: Joey Scouts | AN47: Approx date only
E48: Cub Scouts - Personal Development Course | F48: is open to 'outsiders' if the course is not full. No outsiders for Region Cub Camp. | J48: Calendar Entry | K48: 46388 | L48: 46388 | Z48: Moreton Region | AA48: Youth Program Event | AM48: Cub Scouts | AN48: Approx date only
E49: Scouts - Personal Development | F49: is open to 'outsiders'. Region camp is generally not for outsiders. Operation NightOwl is open to others and Guides | J49: Calendar Entry | K49: 46388 | L49: 46388 | Z49: Moreton Region | AA49: Youth Program Event | AM49: Scouts | AN49: Approx date only
E50: Venturer Scouts - Operation Archer | F50: is open to all Venturers and always has been. Typically held after ANZAC Day and before June 'Queens Birthday'. | J50: Calendar Entry | K50: 46478 | L50: 46478 | Z50: Moreton Region | AA50: Youth Program Event | AM50: Venturer Scouts | AN50: Approx date only
E51: Butterfly | J51: Calendar Entry | K51: 46447 | L51: 46447 | Z51: Brisbane North Region | AA51: Youth Program Event | AL51: BNR All | AM51: Scouts | AN51: Approx date only
E52: BAANYA | J52: Calendar Entry | K52: 46508 | L52: 46508 | Z52: Brisbane North Region | AA52: Youth Program Event | AL52: BNR All | AM52: Scouts
E53: Wide Game | J53: Calendar Entry | K53: 46539 | L53: 46539 | Z53: Brisbane North Region | AA53: Youth Program Event | AL53: Charles S Snow and Bramble Bay | AM53: Scouts
E54: Knight Moves | J54: Calendar Entry | K54: 46569 | L54: 46569 | Z54: Brisbane North Region | AA54: Youth Program Event | AL54: BNR All | AM54: Scouts
E55: PL Adventure | J55: Calendar Entry | K55: 46692 | L55: 46692 | Z55: Brisbane North Region | AA55: Youth Program Event | AL55: BNR All | AM55: Scouts
E56: SEQ Leadership Course | J56: Calendar Entry | K56: 46388 | L56: 46388 | Z56: Brisbane North Region | AA56: Youth Program Event | AL56: BNR All | AM56: Venturer Scouts
E57: Founders Day & Swim Night | J57: Calendar Entry | K57: 46419 | L57: 46419 | Z57: Brisbane North Region | AA57: Youth Program Event | AL57: Bramble Bay | AM57: Combined
E58: District Skate Nighty | J58: Calendar Entry | K58: 46661 | L58: 46661 | Z58: Brisbane North Region | AA58: Youth Program Event | AL58: Bramble Bay | AM58: Combined
E59: District Rally | J59: Calendar Entry | K59: 46692 | L59: 46692 | Z59: Brisbane North Region | AA59: Youth Program Event | AL59: Bramble Bay | AM59: Combined
E60: Trailblazer | F60: Week 1 Term 3 | J60: Calendar Entry | K60: 46569 | L60: 46569 | Z60: Brisbane North Region | AA60: Youth Program Event | AL60: Tyakunda | AM60: Combined
E61: Founders Day camp | F61: each District is encouraged to run a founders day activity for all sections and involve parents and families to get the scout year off on the right note. | J61: Calendar Entry | K61: 46419 | L61: 46419 | Z61: Suncoast Region | AA61: Youth Program Event | AM61: Combined
E62: RAW (Region Activity Weekend) | J62: Calendar Entry | K62: 46447 | L62: 46447 | Z62: Suncoast Region | AA62: Youth Program Event | AM62: Combined
E63: Kiwi Woggle | J63: Calendar Entry | K63: 46478 | L63: 46478 | Z63: Suncoast Region | AA63: Youth Program Event | AM63: Scouts
E64: Scout leadership course | F64: Scout and Venturer leadership course held separately at the same location | J64: Calendar Entry | K64: 46508 | L64: 46508 | Z64: Suncoast Region | AA64: Youth Program Event | AM64: Scouts
E65: Venturer Scout leadership course | F65: Scout and Venturer leadership course held separately at the same location | J65: Calendar Entry | K65: 46508 | L65: 46508 | Z65: Suncoast Region | AA65: Youth Program Event | AM65: Venturer Scouts
E66: Cub Scout leadership course | F66: Cub leadership course district run but available for all region cubs | J66: Calendar Entry | K66: 46508 | L66: 46508 | Z66: Suncoast Region | AA66: Youth Program Event | AL66: Suncoast Districts | AM66: Cub Scouts
E67: Nambour District Trek cart | J67: Calendar Entry | K67: 46539 | L67: 46539 | Z67: Suncoast Region | AA67: Youth Program Event | AM67: Scouts
E68: Region Night Manoeuvres | F68: Scout and Venturer Scout night hike and activities for practice and those who don't do Nighthawk | J68: Calendar Entry | K68: 46569 | L68: 46569 | Z68: Suncoast Region | AA68: Youth Program Event | AM68: Scouts / Venturer Scouts
E69: RAW (Region Activity Weekend) | J69: Calendar Entry | K69: 46692 | L69: 46692 | Z69: Suncoast Region | AA69: Youth Program Event | AM69: Combined
E70: Scout leadership course | F70: Scout and Venturer leadership course held separately at the same location | J70: Calendar Entry | K70: 46631 | L70: 46631 | Z70: Suncoast Region | AA70: Youth Program Event | AM70: Scouts
E71: Venturer Scout leadership course | F71: Scout and Venturer leadership course held separately at the same location | J71: Calendar Entry | K71: 46631 | L71: 46631 | Z71: Suncoast Region | AA71: Youth Program Event | AM71: Venturer Scouts
E72: Cub Scout leadership course | F72: Cub leadership course district run but available for all region cubs | J72: Calendar Entry | K72: 46661 | L72: 46661 | Z72: Suncoast Region | AA72: Youth Program Event | AL72: Suncoast Districts | AM72: Cub Scouts
E73: Region Cub Camp | F73: District run, rotation between districts with Region support. | J73: Calendar Entry | K73: 46661 | L73: 46661 | Z73: Suncoast Region | AA73: Youth Program Event | AL73: Suncoast Districts rotation | AM73: Cub Scouts
E74: Cougar Trophy scout section backwoods cooking competition | J74: Calendar Entry | K74: 46661 | L74: 46661 | Z74: Suncoast Region | AA74: Youth Program Event | AM74: Scouts
E75: AA Weekends - Bushwalking, Abseiling, Canoeing (proposed) | F75: Bunya-Gympie is looking at running AA weekends for 2027 about every 2 months for activities from Bushwalking, Abseiling, Canoeing. | J75: Calendar Entry | K75: 46447 | L75: 46447 | Z75: Suncoast Region | AA75: Youth Program Event | AL75: Bunya-Gympie District | AM75: Combined
E76: AA Weekends - Bushwalking, Abseiling, Canoeing (proposed) | F76: Bunya-Gympie is looking at running AA weekends for 2027 about every 2 months for activities from Bushwalking, Abseiling, Canoeing. | J76: Calendar Entry | K76: 46508 | L76: 46508 | Z76: Suncoast Region | AA76: Youth Program Event | AL76: Bunya-Gympie District | AM76: Combined
E77: AA Weekends - Bushwalking, Abseiling, Canoeing (proposed) | F77: Bunya-Gympie is looking at running AA weekends for 2027 about every 2 months for activities from Bushwalking, Abseiling, Canoeing. | J77: Calendar Entry | K77: 46569 | L77: 46569 | Z77: Suncoast Region | AA77: Youth Program Event | AL77: Bunya-Gympie District | AM77: Combined
E78: AA Weekends - Bushwalking, Abseiling, Canoeing (proposed) | F78: Bunya-Gympie is looking at running AA weekends for 2027 about every 2 months for activities from Bushwalking, Abseiling, Canoeing. | J78: Calendar Entry | K78: 46631 | L78: 46631 | Z78: Suncoast Region | AA78: Youth Program Event | AL78: Bunya-Gympie District | AM78: Combined
E79: AA Weekends - Bushwalking, Abseiling, Canoeing (proposed) | F79: Bunya-Gympie is looking at running AA weekends for 2027 about every 2 months for activities from Bushwalking, Abseiling, Canoeing. | J79: Calendar Entry | K79: 46692 | L79: 46692 | Z79: Suncoast Region | AA79: Youth Program Event | AL79: Bunya-Gympie District | AM79: Combined

Sheet 2027 Weekly Planner
A1: Queensland 2027 School Terms and Public Holidays Planner
A2: Weekly planning view. Queensland state school terms, school holidays, student-free days and Queensland public holidays, including the Brisbane Show Holiday.
A4: Category | B4: Special date or period | C4: Start | D4: End | E4: W53 28 Dec | F4: W1 04 Jan | G4: W2 11 Jan | H4: W3 18 Jan | I4: W4 25 Jan | J4: W5 01 Feb | K4: W6 08 Feb | L4: W7 15 Feb | M4: W8 22 Feb | N4: W9 01 Mar | O4: W10 08 Mar | P4: W11 15 Mar | Q4: W12 22 Mar | R4: W13 29 Mar | S4: W14 05 Apr | T4: W15 12 Apr | U4: W16 19 Apr | V4: W17 26 Apr | W4: W18 03 May | X4: W19 10 May | Y4: W20 17 May | Z4: W21 24 May | AA4: W22 31 May | AB4: W23 07 Jun | AC4: W24 14 Jun | AD4: W25 21 Jun | AE4: W26 28 Jun | AF4: W27 05 Jul | AG4: W28 12 Jul | AH4: W29 19 Jul | AI4: W30 26 Jul | AJ4: W31 02 Aug | AK4: W32 09 Aug | AL4: W33 16 Aug | AM4: W34 23 Aug | AN4: W35 30 Aug | AO4: W36 06 Sep | AP4: W37 13 Sep | AQ4: W38 20 Sep | AR4: W39 27 Sep | AS4: W40 04 Oct | AT4: W41 11 Oct | AU4: W42 18 Oct | AV4: W43 25 Oct | AW4: W44 01 Nov | AX4: W45 08 Nov | AY4: W46 15 Nov | AZ4: W47 22 Nov | BA4: W48 29 Nov | BB4: W49 06 Dec | BC4: W50 13 Dec | BD4: W51 20 Dec | BE4: W52 27 Dec
A5: Queensland public holiday | B5: New Year's Day | C5: 46388 | D5: 46388 | E5: 01 Jan
A6: Student-free day | B6: Professional development day | C6: 46408 | D6: 46408 | H6: 21 Jan
A7: Student-free day | B7: Professional development day | C7: 46409 | D7: 46409 | H7: 22 Jan
A8: Student-free day | B8: Professional development day | C8: 46412 | D8: 46412 | I8: 25 Jan
A9: Queensland public holiday | B9: Australia Day | C9: 46413 | D9: 46413 | I9: 26 Jan
A10: School term | B10: Term 1 | C10: 46414 | D10: 46471 | I10: 27–31 Jan | J10: 01–07 Feb | K10: 08–14 Feb | L10: 15–21 Feb | M10: 22–28 Feb | N10: 01–07 Mar | O10: 08–14 Mar | P10: 15–21 Mar | Q10: 22–25 Mar
B11: Term 1 - YPT Program Conference "Supporting Change"
A12: School holidays | B12: Term 1 school holidays | C12: 46472 | D12: 46488 | Q12: 26–28 Mar | R12: 29–04 Apr | S12: 05–11 Apr
A13: Queensland public holiday | B13: Good Friday | C13: 46472 | D13: 46472 | Q13: 26 Mar
A14: Queensland public holiday | B14: The day after Good Friday | C14: 46473 | D14: 46473 | Q14: 27 Mar
A15: Queensland public holiday | B15: Easter Sunday | C15: 46474 | D15: 46474 | Q15: 28 Mar
A16: Queensland public holiday | B16: Easter Monday | C16: 46475 | D16: 46475 | R16: 29 Mar
A17: Student-free day | B17: Professional development day | C17: 46485 | D17: 46485 | S17: 08 Apr
A18: Student-free day | B18: Professional development day | C18: 46486 | D18: 46486 | S18: 09 Apr
A19: School term | B19: Term 2 | C19: 46489 | D19: 46563 | T19: 12–18 Apr | U19: 19–25 Apr | V19: 26–02 May | W19: 03–09 May | X19: 10–16 May | Y19: 17–23 May | Z19: 24–30 May | AA19: 31–06 Jun | AB19: 07–13 Jun | AC19: 14–20 Jun | AD19: 21–25 Jun
A20: Queensland public holiday | B20: Anzac Day holiday | C20: 46503 | D20: 46503 | V20: 26 Apr
A21: Queensland public holiday | B21: Labour Day | C21: 46510 | D21: 46510 | W21: 03 May
A22: School holidays | B22: Term 2 school holidays | C22: 46564 | D22: 46579 | AD22: 26–27 Jun | AE22: 28–04 Jul | AF22: 05–11 Jul
A23: School term | B23: Term 3 | C23: 46580 | D23: 46647 | AG23: 12–18 Jul | AH23: 19–25 Jul | AI23: 26–01 Aug | AJ23: 02–08 Aug | AK23: 09–15 Aug | AL23: 16–22 Aug | AM23: 23–29 Aug | AN23: 30–05 Sep | AO23: 06–12 Sep | AP23: 13–17 Sep
A24: Brisbane public holiday | B24: Royal Queensland Show, Brisbane area only | C24: 46610 | D24: 46610 | AK24: 11 Aug
B25: Term 3 - YPT Program Conference
A26: Student-free day | B26: Professional development day | C26: 46633 | D26: 46633 | AN26: 03 Sep
A27: School holidays | B27: Term 3 school holidays | C27: 46648 | D27: 46664 | AP27: 18–19 Sep | AQ27: 20–26 Sep | AR27: 27–03 Oct | AS27: 04 Oct
A28: Queensland public holiday | B28: King's Birthday | C28: 46664 | D28: 46664 | AS28: 04 Oct
A29: School term | B29: Term 4 | C29: 46665 | D29: 46731 | AS29: 05–10 Oct | AT29: 11–17 Oct | AU29: 18–24 Oct | AV29: 25–31 Oct | AW29: 01–07 Nov | AX29: 08–14 Nov | AY29: 15–21 Nov | AZ29: 22–28 Nov | BA29: 29–05 Dec | BB29: 06–10 Dec
A30: School holidays | B30: Term 4 school holidays | C30: 46732 | D30: 46775 | BB30: 11–12 Dec | BC30: 13–19 Dec | BD30: 20–26 Dec | BE30: 27–02 Jan
A31: Queensland part-day holiday | B31: Christmas Eve, 6 pm to midnight | C31: 46745 | D31: 46745 | BD31: 24 Dec
A32: Queensland public holiday | B32: Christmas Day | C32: 46746 | D32: 46746 | BD32: 25 Dec
A33: Queensland public holiday | B33: Boxing Day | C33: 46747 | D33: 46747 | BD33: 26 Dec
A34: Queensland public holiday | B34: Christmas Day holiday | C34: 46748 | D34: 46748 | BE34: 27 Dec
A35: Queensland public holiday | B35: Boxing Day holiday | C35: 46749 | D35: 46749 | BE35: 28 Dec
A37: Legend
A38: School term
A39: School holidays
A40: Student-free day
A41: Queensland public holiday
A42: Brisbane public holiday

Sheet Dates and Sources
A1: 2027 Dates and Sources
A3: Category | B3: Event | C3: Start date | D3: End date | E3: Duration or note | F3: Source | G3: Planning note
A4: School term | B4: Term 1 | C4: 46414 | D4: 46471 | E4: 58 | F4: https://education.qld.gov.au/about-us/calendar/future-dates
A5: School holidays | B5: Term 1 school holidays | C5: 46472 | D5: 46488 | E5: 17 | F5: https://education.qld.gov.au/about-us/calendar/future-dates
A6: School term | B6: Term 2 | C6: 46489 | D6: 46563 | E6: 75 | F6: https://education.qld.gov.au/about-us/calendar/future-dates
A7: School holidays | B7: Term 2 school holidays | C7: 46564 | D7: 46579 | E7: 16 | F7: https://education.qld.gov.au/about-us/calendar/future-dates
A8: School term | B8: Term 3 | C8: 46580 | D8: 46647 | E8: 68 | F8: https://education.qld.gov.au/about-us/calendar/future-dates
A9: School holidays | B9: Term 3 school holidays | C9: 46648 | D9: 46664 | E9: 17 | F9: https://education.qld.gov.au/about-us/calendar/future-dates
A10: School term | B10: Term 4 | C10: 46665 | D10: 46731 | E10: 67 | F10: https://education.qld.gov.au/about-us/calendar/future-dates
A11: School holidays | B11: Term 4 school holidays | C11: 46732 | D11: 46775 | E11: 44 | F11: https://education.qld.gov.au/about-us/calendar/future-dates
A12: Student-free day | B12: Professional development day | C12: 46408 | D12: 46408 | E12: 1 | F12: https://education.qld.gov.au/about-us/calendar/future-dates
A13: Student-free day | B13: Professional development day | C13: 46409 | D13: 46409 | E13: 1 | F13: https://education.qld.gov.au/about-us/calendar/future-dates
A14: Student-free day | B14: Professional development day | C14: 46412 | D14: 46412 | E14: 1 | F14: https://education.qld.gov.au/about-us/calendar/future-dates
A15: Student-free day | B15: Professional development day | C15: 46485 | D15: 46485 | E15: 1 | F15: https://education.qld.gov.au/about-us/calendar/future-dates
... A25: Queensland public holiday | B25: Labour Day | C25: 46510 | D25: 46510 | E25: 1 | F25: https://www.qld.gov.au/recreation/travel/holidays/public
A26: Brisbane public holiday | B26: Royal Queensland Show, Brisbane area only | C26: 46610 | D26: 46610 | E26: 1 | F26: https://www.qld.gov.au/recreation/travel/holidays/public | G26: Local show holidays outside Brisbane vary by area and should be checked separately.
A27: Queensland public holiday | B27: King's Birthday | C27: 46664 | D27: 46664 | E27: 1 | F27: https://www.qld.gov.au/recreation/travel/holidays/public
A28: Queensland part-day holiday | B28: Christmas Eve, 6 pm to midnight | C28: 46745 | D28: 46745 | E28: 1 | F28: https://www.qld.gov.au/recreation/travel/holidays/public
A29: Queensland public holiday | B29: Christmas Day | C29: 46746 | D29: 46746 | E29: 1 | F29: https://www.qld.gov.au/recreation/travel/holidays/public
A30: Queensland public holiday | B30: Boxing Day | C30: 46747 | D30: 46747 | E30: 1 | F30: https://www.qld.gov.au/recreation/travel/holidays/public
A31: Queensland public holiday | B31: Christmas Day holiday | C31: 46748 | D31: 46748 | E31: 1 | F31: https://www.qld.gov.au/recreation/travel/holidays/public
A32: Queensland public holiday | B32: Boxing Day holiday | C32: 46749 | D32: 46749 | E32: 1 | F32: https://www.qld.gov.au/recreation/travel/holidays/public
A34: Scope note | B34: Queensland state school dates are used. Independent and Catholic school dates may vary. The Brisbane show holiday is included because planning is Brisbane-based. Other local show and special holidays are not included.

Sheet AllDates
A1: DO NOT EDIT THIS SHEET - AUTOMATICALLY UPDATES FROM A QUERY
A2: FileSystemObjectType | B2: Id | C2: ServerRedirectedEmbedUri | D2: ServerRedirectedEmbedUrl | E2: Title | F2: Description | G2: Priority | H2: Parent Work ItemId | I2: Category0 | J2: Progress | K2: StartDate | L2: DueDate | M2: AssignedTo0Id | N2: AssignedTo0StringId | O2: Notes | P2: KeyStakeholdersId | Q2: KeyStakeholdersStringId | R2: Location | S2: Tags | T2: CalendarID | U2: ContentTypeId | V2: OData__ColorTag | W2: ComplianceAssetId | X2: Operational ActionId | Y2: YPT Tag | Z2: Responsible | AA2: Change Category | AB2: Milestone | AC2: ID.1 | AD2: Modified | AE2: Created | AF2: AuthorId | AG2: EditorId | AH2: OData__UIVersionString | AI2: Attachments | AJ2: GUID | AK2: FirstUniqueAncestorSecurableObject | AL2: RoleAssignments | AM2: AttachmentFiles | AN2: ContentType | AO2: GetDlpPolicyTip | AP2: FieldValuesAsHtml | AQ2: FieldValuesAsText | AR2: FieldValuesForEdit | AS2: File | AT2: Folder | AU2: LikedByInformation | AV2: ParentList | AW2: Properties | AX2: Versions | AY2: Parent Work Item | AZ2: AssignedTo0 | BA2: KeyStakeholders | BB2: Operational Action | BC2: Author | BD2: Editor | BE2: Title2 | BF2: District | BG2: Section | BH2: OperationalActionTitle | BI2: NewTitle
A3: 0 | B3: 1072 | E3: Vertical - Abseiling Natural SP (Wide Bay) | F3: Applications Close: 06/03/2026 Course Number: 0 Course Fee: $ 155.00 Pre requisites: Adult Supporters, Adult Leaders, Rover Scouts, Venturer Scouts Click here for the Training Program Outline Click here to apply for this training course This program will provide fundamental skills and knowledge for abseiling on single pitches. Note: Times listed are indicative only and will be confirmed pre-course. | G3: Low | J3: Calendar Entry | K3: 46023 | L3: 46023 | P3: [List] | Q3: [List] | S3: Training - AA | T3: 7492 | U3: 0x01006B96C2D89248E44D9DCCC3EFE7C6F01F009AE4A35CBC209B4AAB88D9DE8B191F78 | AA3: Branch Calendar Event | AC3: 1072 | AD3: 46221 | AE3: 46161 | AF3: 102 | AG3: 102 | AH3: 4.0 | AI3: FALSE | AJ3: c7e7823e-a6be-4037-8d14-5ec480681593 | AK3: [Record] | AL3: [Table] | AM3: [Table] | AN3: [Record] | AO3: [Record] | AP3: [Record] | AQ3: [Record] | AR3: [Record] | AS3: [Record] | AT3: [Record] | AU3: [Record] | AV3: [Record] | AW3: [Record] | AX3: [Table] | AY3: [Record] | AZ3: [Record] | BA3: [Table] | BB3: [Record] | BC3: [Record] | BD3: [Record] | BI3: Vertical - Abseiling Natural SP (Wide Bay)
A4: 0 | B4: 1071 | E4: Basic Water Rescue (FNQ) | F4: Applications Close: 23/10/2026 Course Number: 2000SK2605 Course Fee: $ 55 Pre requisites: Adult Supporters, Adult Leaders, Rover Scouts, Venturer Scouts Click here to apply for this training course This program will provide skills and knowledge required to perform basic water rescues in indoor and outdoor aquatic venues Note: Times listed are indicative only and will be confirmed pre-course. | G4: Low | J4: Calendar Entry | K4: 46023 | L4: 46023 | P4: [List] | Q4: [List] | T4: 7491 | U4: 0x01006B96C2D89248E44D9DCCC3EFE7C6F01F009AE4A35CBC209B4AAB88D9DE8B191F78 | AA4: Branch Calendar Event | AC4: 1071 | AD4: 46221 | AE4: 46161 | AF4: 102 | AG4: 102 | AH4: 4.0 | AI4: FALSE | AJ4: 81d4efc5-230a-4046-a5d6-d59d21a6eefc | AK4: [Record] | AL4: [Table] | AM4: [Table] | AN4: [Record] | AO4: [Record] | AP4: [Record] | AQ4: [Record] | AR4: [Record] | AS4: [Record] | AT4: [Record] | AU4: [Record] | AV4: [Record] | AW4: [Record] | AX4: [Table] | AY4: [Record] | AZ4: [Record] | BA4: [Table] | BB4: [Record] | BC4: [Record] | BD4: [Record] | BI4: Basic Water Rescue (FNQ)
A5: 0 | B5: 1070 | E5: Scouting Essentials (Brisbane) | F5: Applications Close: 30/10/2026 Course Number: 1002616 Course Fee: $ 170.00 Pre requisites: Certificate of Adult Membership - Adult Leaders, Rover Scouts Click here for the Training Program Outline Click here to apply for this training course This program will provide the skills and knowledge needed to plan and deliver activities to implement the Youth Program at weekly meetings and overnight activities. Note: Times listed are indicative only, refer to final course documentation for your course for confirmed course times. | G5: Low | J5: Calendar Entry | K5: 46023 | L5: 46023 | P5: [List] | Q5: [List] | S5: Training - AA | T5: 7490 | U5: 0x01006B96C2D89248E44D9DCCC3EFE7C6F01F009AE4A35CBC209B4AAB88D9DE8B191F78 | AA5: Branch Calendar Event | AC5: 1070 | AD5: 46221 | AE5: 46161 | AF5: 102 | AG5: 102 | AH5: 4.0 | AI5: FALSE | AJ5: 459fc94c-7c66-4673-b739-2153a8c3e040 | AK5: [Record] | AL5: [Table] | AM5: [Table] | AN5: [Record] | AO5: [Record] | AP5: [Record] | AQ5: [Record] | AR5: [Record] | AS5: [Record] | AT5: [Record] | AU5: [Record] | AV5: [Record] | AW5: [Record] | AX5: [Table] | AY5: [Record] | AZ5: [Record] | BA5: [Table] | BB5: [Record] | BC5: [Record] | BD5: [Record] | BI5: Scouting Essentials (Brisbane)
A6: 0 | B6: 1069 | E6: Scouting Management - Group Leaders (Brisbane) | F6: Applications Close: 30/10/2026 Course Number: 1202605 Course Fee: $ 170.00 Pre requisites: Scouting Essentials and completion of Scouting Management On Demand learning Click here for the Training Program Outline Click here to apply for this training course This program will provide leaders of adults the skills and knowledge needed to manage and administer a formation at a group level to support the delivery of youth program. Note: This is the same curriculum as Scouting Management (for Commissioners and Advisers) but with Group Leader relevant examples Note: Times listed are indicative only, refer to final course documentation of your course for confirmed course times. | G6: Low | J6: Calendar Entry | K6: 46023 | L6: 46023 | P6: [List] | Q6: [List] | S6: Training - AA | T6: 7489 | U6: 0x01006B96C2D89248E44D9DCCC3EFE7C6F01F009AE4A35CBC209B4AAB88D9DE8B191F78 | AA6: Branch Calendar Event | AC6: 1069 | AD6: 46221 | AE6: 46161 | AF6: 102 | AG6: 102 | AH6: 4.0 | AI6: FALSE | AJ6: 769eb2e6-5ad7-4a79-ab38-b6856282b9f1 | AK6: [Record] | AL6: [Table] | AM6: [Table] | AN6: [Record] | AO6: [Record] | AP6: [Record] | AQ6: [Record] | AR6: [Record] | AS6: [Record] | AT6: [Record] | AU6: [Record] | AV6: [Record] | AW6: [Record] | AX6: [Table] | AY6: [Record] | AZ6: [Record] | BA6: [Table] | BB6: [Record] | BC6: [Record] | BD6: [Record] | BI6: Scouting Management - Group Leaders (Brisbane)
A7: 0 | B7: 1020 | E7: Paddling - Kayak Inland Flatwater TP (Wide Bay) | F7: Applications Close: 06/02/2026 Course Number: 0 Course Fee: $ 155 Pre requisites: Kayaking Flat Water Safe Participant (SP) appointment Click here for the Training Program Outline Click here to apply for this training course This program will provide skills and knowledge to paddle a kayak on inland flat water, including rescue following capsize. Note: Times listed are indicative only and will be confirmed pre-course. | G7: Low | J7: Calendar Entry | K7: 46024 | L7: 46024 | P7: [List] | Q7: [List] | S7: Training - AA | T7: 7192 | U7: 0x01006B96C2D89248E44D9DCCC3EFE7C6F01F009AE4A35CBC209B4AAB88D9DE8B191F78 | AA7: Branch Calendar Event | AC7: 1020 | AD7: 46221 | AE7: 46161 | AF7: 102 | AG7: 102 | AH7: 4.0 | AI7: FALSE | AJ7: a1c89867-3431-47b7-a903-bdb7e4566796 | AK7: [Record] | AL7: [Table] | AM7: [Table] | AN7: [Record] | AO7: [Record] | AP7: [Record] | AQ7: [Record] | AR7: [Record] | AS7: [Record] | AT7: [Record] | AU7: [Record] | AV7: [Record] | AW7: [Record] | AX7: [Table] | AY7: [Record] | AZ7: [Record] | BA7: [Table] | BB7: [Record] | BC7: [Record] | BD7: [Record] | BI7: Paddling - Kayak Inland Flatwater TP (Wide Bay)
A8: 0 | B8: 1015 | E8: Paddling - SUP Inland Flatwater SP | F8: Applications Close: 06/02/2025 Course Number: 2405SP2602 Course Fee: $ 80.00 Pre requisites: N/A Click here to apply for this training course This program will provide skills and knowledge to paddle a stand-up paddle board on inland flat water. Note: Times listed are indicative only and will be confirmed pre-course. | G8: Low | J8: Calendar Entry | K8: 46024 | L8: 46024 | P8: [List] | Q8: [List] | S8: Training - AA | T8: 7162 | U8: 0x01006B96C2D89248E44D9DCCC3EFE7C6F01F009AE4A35CBC209B4AAB88D9DE8B191F78 | AA8: Branch Calendar Event | AC8: 1015 | AD8: 46221 | AE8: 46161 | AF8: 102 | AG8: 102 | AH8: 4.0 | AI8: FALSE | AJ8: 3ed99ff7-54d4-4304-8e5c-61354d82ea38 | AK8: [Record] | AL8: [Table] | AM8: [Table] | AN8: [Record] | AO8: [Record] | AP8: [Record] | AQ8: [Record] | AR8: [Record] | AS8: [Record] | AT8: [Record] | AU8: [Record] | AV8: [Record] | AW8: [Record] | AX8: [Table] | AY8: [Record] | AZ8: [Record] | BA8: [Table] | BB8: [Record] | BC8: [Record] | BD8: [Record] | BI8: Paddling - SUP Inland Flatwater SP
A9: 0 | B9: 1024 | E9: Cycling - On Road - SP/TP (Wide Bay) | F9: Applications Close: 10/07/2026 Course Number: 0 Course Fee: $ 90.00 Pre requisites: Ability to ride a bike - Adult Supporters, Adult Leaders, Rover Scouts, Venturer Scouts Click here for the Training Program Outline Click here to apply for this training course This program will provide skills and knowledge to setup, maintain and repair a bicycle; plan routes; and ride on pathways and roads with easy to intermediate conditions (including rail trails). Note: Times listed are indicative only and will be confirmed pre-course. | G9: Low | J9: Calendar Entry | K9: 46029 | L9: 46029 | P9: [List] | Q9: [List] | S9: Training - AA | T9: 7237 | U9: 0x01006B96C2D89248E44D9DCCC3EFE7C6F01F009AE4A35CBC209B4AAB88D9DE8B191F78 | AA9: Branch Calendar Event | AC9: 1024 | AD9: 46221 | AE9: 46161 | AF9: 102 | AG9: 102 | AH9: 4.0 | AI9: FALSE | AJ9: c453b12a-b063-41d7-b6f3-0df5d2a8c32d | AK9: [Record] | AL9: [Table] | AM9: [Table] | AN9: [Record] | AO9: [Record] | AP9: [Record] | AQ9: [Record] | AR9: [Record] | AS9: [Record] | AT9: [Record] | AU9: [Record] | AV9: [Record] | AW9: [Record] | AX9: [Table] | AY9: [Record] | AZ9: [Record] | BA9: [Table] | BB9: [Record] | BC9: [Record] | BD9: [Record] | BI9: Cycling - On Road - SP/TP (Wide Bay)
A10: 0 | B10: 1047 | E10: Cycling - On Road - SP/TP (Wide Bay) | F10: Applications Close: 10/07/2026 Course Number: 0 Course Fee: $ 90.00 Pre requisites: Ability to ride a bike - Adult Supporters, Adult Leaders, Rover Scouts, Venturer Scouts Click here for the Training Program Outline Click here to apply for this training course This program will provide skills and knowledge to setup, maintain and repair a bicycle; plan routes; and ride on pathways and roads with easy to intermediate conditions (including rail trails). Note: Times listed are indicative only and will be confirmed pre-course. | G10: Low | J10: Calendar Entry | K10: 46029 | L10: 46029 | P10: [List] | Q10: [List] | S10: Training - AA | T10: 7385 | U10: 0x01006B96C2D89248E44D9DCCC3EFE7C6F01F009AE4A35CBC209B4AAB88D9DE8B191F78 | AA10: Branch Calendar Event | AC10: 1047 | AD10: 46221 | AE10: 46161 | AF10: 102 | AG10: 102 | AH10: 4.0 | AI10: FALSE | AJ10: 30539b2e-d445-48c3-ad9c-cd6b8bebca4d | AK10: [Record] | AL10: [Table] | AM10: [Table] | AN10: [Record] | AO10: [Record] | AP10: [Record] | AQ10: [Record] | AR10: [Record] | AS10: [Record] | AT10: [Record] | AU10: [Record] | AV10: [Record] | AW10: [Record] | AX10: [Table] | AY10: [Record] | AZ10: [Record] | BA10: [Table] | BB10: [Record] | BC10: [Record] | BD10: [Record] | BI10: Cycling - On Road - SP/TP (Wide Bay)
A11: 0 | B11: 991 | E11: Queensland Branch Rover Council Meeting | F11: Monthly | G11: Low | J11: Calendar Entry | K11: 46039 | L11: 46039 | P11: [List] | Q11: [List] | S11: Rover Scouts | T11: 5781 | U11: 0x01006B96C2D89248E44D9DCCC3EFE7C6F01F009AE4A35CBC209B4AAB88D9DE8B191F78 | AA11: Branch Calendar Event | AC11: 991 | AD11: 46221 | AE11: 46161 | AF11: 102 | AG11: 102 | AH11: 4.0 | AI11: FALSE | AJ11: 6e36a8f2-39f9-4aa3-ab20-a3c59bc739b4 | AK11: [Record] | AL11: [Table] | AM11: [Table] | AN11: [Record] | AO11: [Record] | AP11: [Record] | AQ11: [Record] | AR11: [Record] | AS11: [Record] | AT11: [Record] | AU11: [Record] | AV11: [Record] | AW11: [Record] | AX11: [Table] | AY11: [Record] | AZ11: [Record] | BA11: [Table] | BB11: [Record] | BC11: [Record] | BD11: [Record] | BI11: Queensland Branch Rover Council Meeting
A12: 0 | B12: 950 | E12: Branch Finance Committee | F12: 3rd Monday of the month | G12: Low | J12: Calendar Entry | K12: 46040 | L12: 46040 | P12: [List] | Q12: [List] | T12: 5740 | U12: 0x01006B96C2D89248E44D9DCCC3EFE7C6F01F009AE4A35CBC209B4AAB88D9DE8B191F78 | AA12: Branch Calendar Event | AC12: 950 | AD12: 46221 | AE12: 46161 | AF12: 102 | AG12: 102 | AH12: 4.0 | AI12: FALSE | AJ12: f79a5a36-74d0-4834-986f-adad3b2b8561 | AK12: [Record] | AL12: [Table] | AM12: [Table] | AN12: [Record] | AO12: [Record] | AP12: [Record] | AQ12: [Record] | AR12: [Record] | AS12: [Record] | AT12: [Record] | AU12: [Record] | AV12: [Record] | AW12: [Record] | AX12: [Table] | AY12: [Record] | AZ12: [Record] | BA12: [Table] | BB12: [Record] | BC12: [Record] | BD12: [Record] | BI12: Branch Finance Committee
A13: 0 | B13: 962 | E13: Branch Joey Scout Council | G13: Low | J13: Calendar Entry | K13: 46042 | L13: 46042 | P13: [List] | Q13: [List] | S13: Joey Scouts | T13: 5752 | U13: 0x01006B96C2D89248E44D9DCCC3EFE7C6F01F009AE4A35CBC209B4AAB88D9DE8B191F78 | Z13: BC Joey Scouts | AA13: Branch Calendar Event | AC13: 962 | AD13: 46221 | AE13: 46161 | AF13: 102 | AG13: 102 | AH13: 5.0 | AI13: FALSE | AJ13: 3121f1a5-ce81-4b71-b084-2377869ed28d | AK13: [Record] | AL13: [Table] | AM13: [Table] | AN13: [Record] | AO13: [Record] | AP13: [Record] | AQ13: [Record] | AR13: [Record] | AS13: [Record] | AT13: [Record] | AU13: [Record] | AV13: [Record] | AW13: [Record] | AX13: [Table] | AY13: [Record] | AZ13: [Record] | BA13: [Table] | BB13: [Record] | BC13: [Record] | BD13: [Record] | BI13: Branch Joey Scout Council
A14: 0 | B14: 913 | E14: Australia Day | F14: Yearly | G14: Low | J14: Calendar Entry | K14: 46047 | L14: 46047 | P14: [List] | Q14: [List] | T14: 5702 | U14: 0x01006B96C2D89248E44D9DCCC3EFE7C6F01F009AE4A35CBC209B4AAB88D9DE8B191F78 | AA14: Branch Calendar Event | AC14: 913 | AD14: 46221 | AE14: 46161 | AF14: 102 | AG14: 102 | AH14: 4.0 | AI14: FALSE | AJ14: 608ffe48-ebf8-448f-8f9e-30c3177ef533 | AK14: [Record] | AL14: [Table] | AM14: [Table] | AN14: [Record] | AO14: [Record] | AP14: [Record] | AQ14: [Record] | AR14: [Record] | AS14: [Record] | AT14: [Record] | AU14: [Record] | AV14: [Record] | AW14: [Record] | AX14: [Table] | AY14: [Record] | AZ14: [Record] | BA14: [Table] | BB14: [Record] | BC14: [Record] | BD14: [Record] | BI14: Australia Day
A15: 0 | B15: 938 | E15: Branch Executive Committee | F15: 4th Tuesday of the month (3rd Tuesday in December) | G15: Low | J15: Calendar Entry | K15: 46048 | L15: 46048 | P15: [List] | Q15: [List] | T15: 5728 | U15: 0x01006B96C2D89248E44D9DCCC3EFE7C6F01F009AE4A35CBC209B4AAB88D9DE8B191F78 | AA15: Branch Calendar Event | AC15: 938 | AD15: 46221 | AE15: 46161 | AF15: 102 | AG15: 102 | AH15: 4.0 | AI15: FALSE | AJ15: 6f0e39ee-1f10-4eb3-aadf-930fcc81c996 | AK15: [Record] | AL15: [Table] | AM15: [Table] | AN15: [Record] | AO15: [Record] | AP15: [Record] | AQ15: [Record] | AR15: [Record] | AS15: [Record] | AT15: [Record] | AU15: [Record] | AV15: [Record] | AW15: [Record] | AX15: [Table] | AY15: [Record] | AZ15: [Record] | BA15: [Table] | BB15: [Record] | BC15: [Record] | BD15: [Record] | BI15: Branch Executive Committee
A16: 0 | B16: 1037 | E16: Cycling - Off Road - SP/TP (Brisbane) | F16: Applications Close: 10/04/2026 Course Number: 2301PR2601 Course Fee: $ 90.00 Pre requisites: Ability to ride a bike - Adult Supporters, Adult Leaders, Rover Scouts, Venturer Scouts Click here for the Training Program Outline Click here to apply for this training course This program will provide skills and knowledge to setup, maintain and repair a bicycle; plan routes; and ride off-road bicycles on easy to intermediate trails (eg mountain bike trails). Note: Times listed are indicative only and will be confirmed pre-course. | G16: Low | J16: Calendar Entry | K16: 46057 | L16: 46057 | P16: [List] | Q16: [List] | S16: Training - AA | T16: 7367 | U16: 0x01006B96C2D89248E44D9DCCC3EFE7C6F01F009AE4A35CBC209B4AAB88D9DE8B191F78 | AA16: Branch Calendar Event | AC16: 1037 | AD16: 46221 | AE16: 46161 | AF16: 102 | AG16: 102 | AH16: 4.0 | AI16: FALSE | AJ16: 40bc320a-e99c-4f0e-b445-7c9c8f40198e | AK16: [Record] | AL16: [Table] | AM16: [Table] | AN16: [Record] | AO16: [Record] | AP16: [Record] | AQ16: [Record] | AR16: [Record] | AS16: [Record] | AT16: [Record] | AU16: [Record] | AV16: [Record] | AW16: [Record] | AX16: [Table] | AY16: [Record] | AZ16: [Record] | BA16: [Table] | BB16: [Record] | BC16: [Record] | BD16: [Record] | BI16: Cycling - Off Road - SP/TP (Brisbane)
A17: 0 | B17: 1039 | E17: Scouting Leadership (Online) | F17: Applications Close: 08/05/2026 Course Number: 1302604OL Course Fee: $ 80.00 Pre requisites: 6 months since completion of Scouting Adventure or Scouting Management Click here for the Training Program Outline Click here to apply for this training course This program will build on skills and knowledge gained through the delivery of youth program and deepen understanding of Scouting fundamentals. Note: Times listed are indicative only, refer to final course documentation for your course for confirmed course times. | G17: Low | J17: Calendar Entry | K17: 46058 | L17: 46058 | P17: [List] | Q17: [List] | S17: Training - AA | T17: 7373 | U17: 0x01006B96C2D89248E44D9DCCC3EFE7C6F01F009AE4A35CBC209B4AAB88D9DE8B191F78 | AA17: Branch Calendar Event | AC17: 1039 | AD17: 46221 | AE17: 46161 | AF17: 102 | AG17: 102 | AH17: 4.0 | AI17: FALSE | AJ17: 19f6ec85-8a49-483c-9d7c-b146d7a5c53e | AK17: [Record] | AL17: [Table] | AM17: [Table] | AN17: [Record] | AO17: [Record] | AP17: [Record] | AQ17: [Record] | AR17: [Record] | AS17: [Record] | AT17: [Record] | AU17: [Record] | AV17: [Record] | AW17: [Record] | AX17: [Table] | AY17: [Record] | AZ17: [Record] | BA17: [Table] | BB17: [Record] | BC17: [Record] | BD17: [Record] | BI17: Scouting Leadership (Online)
A18: 0 | B18: 1048 | E18: Cycling - Off Road - SP/TP (Wide Bay) | F18: Applications Close: 10/07/2026 Course Number: 0 Course Fee: $ 90.00 Pre requisites: Ability to ride a bike - Adult Supporters, Adult Leaders, Rover Scouts, Venturer Scouts Click here for the Training Program Outline Click here to apply for this training course This program will provide skills and knowledge to setup, maintain and repair a bicycle; plan routes; and ride off-road bicycles on easy to intermediate trails (eg mountain bike trails). Note: Times listed are indicative only and will be confirmed pre-course. | G18: Low | J18: Calendar Entry | K18: 46060 | L18: 46060 | P18: [List] | Q18: [List] | S18: Training - AA | T18: 7386 | U18: 0x01006B96C2D89248E44D9DCCC3EFE7C6F01F009AE4A35CBC209B4AAB88D9DE8B191F78 | AA18: Branch Calendar Event | AC18: 1048 | AD18: 46221 | AE18: 46161 | AF18: 102 | AG18: 102 | AH18: 4.0 | AI18: FALSE | AJ18: f1fbad35-7030-478e-b4c4-3fd041bb94b5 | AK18: [Record] | AL18: [Table] | AM18: [Table] | AN18: [Record] | AO18: [Record] | AP18: [Record] | AQ18: [Record] | AR18: [Record] | AS18: [Record] | AT18: [Record] | AU18: [Record] | AV18: [Record] | AW18: [Record] | AX18: [Table] | AY18: [Record] | AZ18: [Record] | BA18: [Table] | BB18: [Record] | BC18: [Record] | BD18: [Record] | BI18: Cycling - Off Road - SP/TP (Wide Bay)
A19: 0 | B19: 1025 | E19: Cycling - Off Road - SP/TP (Wide Bay) | F19: Applications Close: 10/07/2026 Course Number: 0 Course Fee: $ 90.00 Pre requisites: Ability to ride a bike - Adult Supporters, Adult Leaders, Rover Scouts, Venturer Scouts Click here for the Training Program Outline Click here to apply for this training course This program will provide skills and knowledge to setup, maintain and repair a bicycle; plan routes; and ride off-road bicycles on easy to intermediate trails (eg mountain bike trails). Note: Times listed are indicative only and will be confirmed pre-course. | G19: Low | J19: Calendar Entry | K19: 46060 | L19: 46060 | P19: [List] | Q19: [List] | T19: 7238 | U19: 0x01006B96C2D89248E44D9DCCC3EFE7C6F01F009AE4A35CBC209B4AAB88D9DE8B191F78 | AA19: Branch Calendar Event | AC19: 1025 | AD19: 46221 | AE19: 46161 | AF19: 102 | AG19: 102 | AH19: 4.0 | AI19: FALSE | AJ19: c1dcf8df-80df-49b0-ba05-24a3573d4ef6 | AK19: [Record] | AL19: [Table] | AM19: [Table] | AN19: [Record] | AO19: [Record] | AP19: [Record] | AQ19: [Record] | AR19: [Record] | AS19: [Record] | AT19: [Record] | AU19: [Record] | AV19: [Record] | AW19: [Record] | AX19: [Table] | AY19: [Record] | AZ19: [Record] | BA19: [Table] | BB19: [Record] | BC19: [Record] | BD19: [Record] | BI19: Cycling - Off Road - SP/TP (Wide Bay)
A20: 0 | B20: 1052 | E20: Scouting Adventure (Brisbane) | F20: Applications Close: 18/09/2026 Course Number: 1102612 Course Fee: $ 170.00 Pre requisites: Scouting Essentials and completion of Scouting Adventure On Demand learning Click here for the Training Program Outline Click here to apply for this training course This program will provide leaders of youth the skills and knowledge needed to support the delivery of the youth program to achieve Outdoor Adventure Skills Core Stage 3. Note: Times listed are indicative only, refer to final course documentation of your course for confirmed course times. | G20: Low | J20: Calendar Entry | K20: 46062 | L20: 46121 | P20: [List] | Q20: [List] | S20: Training - AA | T20: 7392 | U20: 0x01006B96C2D89248E44D9DCCC3EFE7C6F01F009AE4A35CBC209B4AAB88D9DE8B191F78 | AA20: Branch Calendar Event | AC20: 1052 | AD20: 46221 | AE20: 46161 | AF20: 102 | AG20: 102 | AH20: 4.0 | AI20: FALSE | AJ20: 86ddaab3-2062-4bd4-8f92-5bd4d9d17d02 | AK20: [Record] | AL20: [Table] | AM20: [Table] | AN20: [Record] | AO20: [Record] | AP20: [Record] | AQ20: [Record] | AR20: [Record] | AS20: [Record] | AT20: [Record] | AU20: [Record] | AV20: [Record] | AW20: [Record] | AX20: [Table] | AY20: [Record] | AZ20: [Record] | BA20: [Table] | BB20: [Record] | BC20: [Record] | BD20: [Record] | BI20: Scouting Adventure (Brisbane)
A21: 0 | B21: 1053 | E21: Scouting Essentials (Brisbane) | F21: Applications Close: 18/09/2026 Course Number: 1002614 Course Fee: $ 170.00 Pre requisites: Certificate of Adult Membership - Adult Leaders, Rover Scouts Click here for the Training Program Outline Click here to apply for this training course This program will provide the skills and knowledge needed to plan and deliver activities to implement the Youth Program at weekly meetings and overnight activities. Note: Times listed are indicative only, refer to final course documentation for your course for confirmed course times. | G21: Low | J21: Calendar Entry | K21: 46062 | L21: 46121 | P21: [List] | Q21: [List] | S21: Training - AA | T21: 7393 | U21: 0x01006B96C2D89248E44D9DCCC3EFE7C6F01F009AE4A35CBC209B4AAB88D9DE8B191F78 | AA21: Branch Calendar Event | AC21: 1053 | AD21: 46221 | AE21: 46161 | AF21: 102 | AG21: 102 | AH21: 4.0 | AI21: FALSE | AJ21: a6158a61-e35e-4450-b5d3-24f52bba697d | AK21: [Record] | AL21: [Table] | AM21: [Table] | AN21: [Record] | AO21: [Record] | AP21: [Record] | AQ21: [Record] | AR21: [Record] | AS21: [Record] | AT21: [Record] | AU21: [Record] | AV21: [Record] | AW21: [Record] | AX21: [Table] | AY21: [Record] | AZ21: [Record] | BA21: [Table] | BB21: [Record] | BC21: [Record] | BD21: [Record] | BI21: Scouting Essentials (Brisbane)
A22: 0 | B22: 1029 | E22: Scouting Adventure (Brisbane) | F22: Applications Close: 18/09/2026 Course Number: 1102612 Course Fee: $ 170.00 Pre requisites: Scouting Essentials and completion of Scouting Adventure On Demand learning Click here for the Training Program Outline Click here to apply for this training course This program will provide leaders of youth the skills and knowledge needed to support the delivery of the youth program to achieve Outdoor Adventure Skills Core Stage 3. Note: Times listed are indicative only, refer to final course documentation of your course for confirmed course times. | G22: Low | J22: Calendar Entry | K22: 46062 | L22: 46121 | P22: [List] | Q22: [List] | T22: 7247 | U22: 0x01006B96C2D89248E44D9DCCC3EFE7C6F01F009AE4A35CBC209B4AAB88D9DE8B191F78 | AA22: Branch Calendar Event | AC22: 1029 | AD22: 46221 | AE22: 46161 | AF22: 102 | AG22: 102 | AH22: 4.0 | AI22: FALSE | AJ22: 461651b3-f865-4f87-a53e-a62a0fec89da | AK22: [Record] | AL22: [Table] | AM22: [Table] | AN22: [Record] | AO22: [Record] | AP22: [Record] | AQ22: [Record] | AR22: [Record] | AS22: [Record] | AT22: [Record] | AU22: [Record] | AV22: [Record] | AW22: [Record] | AX22: [Table] | AY22: [Record] | AZ22: [Record] | BA22: [Table] | BB22: [Record] | BC22: [Record] | BD22: [Record] | BI22: Scouting Adventure (Brisbane)
A23: 0 | B23: 1030 | E23: Scouting Essentials (Brisbane) | F23: Applications Close: 18/09/2026 Course Number: 1002614 Course Fee: $ 170.00 Pre requisites: Certificate of Adult Membership - Adult Leaders, Rover Scouts Click here for the Training Program Outline Click here to apply for this training course This program will provide the skills and knowledge needed to plan and deliver activities to implement the Youth Program at weekly meetings and overnight activities. Note: Times listed are indicative only, refer to final course documentation for your course for confirmed course times. | G23: Low | J23: Calendar Entry | K23: 46062 | L23: 46121 | P23: [List] | Q23: [List] | T23: 7248 | U23: 0x01006B96C2D89248E44D9DCCC3EFE7C6F01F009AE4A35CBC209B4AAB88D9DE8B191F78 | AA23: Branch Calendar Event | AC23: 1030 | AD23: 46221 | AE23: 46161 | AF23: 102 | AG23: 102 | AH23: 4.0 | AI23: FALSE | AJ23: b8f36462-1bce-4be1-b5ec-0b396c4b3768 | AK23: [Record] | AL23: [Table] | AM23: [Table] | AN23: [Record] | AO23: [Record] | AP23: [Record] | AQ23: [Record] | AR23: [Record] | AS23: [Record] | AT23: [Record] | AU23: [Record] | AV23: [Record] | AW23: [Record] | AX23: [Table] | AY23: [Record] | AZ23: [Record] | BA23: [Table] | BB23: [Record] | BC23: [Record] | BD23: [Record] | BI23: Scouting Essentials (Brisbane)
A24: 0 | B24: 992 | E24: Queensland Branch Rover Council Meeting | F24: Monthly | G24: Low | J24: Calendar Entry | K24: 46067 | L24: 46067 | P24: [List] | Q24: [List] | S24: Rover Scouts | T24: 5782 | U24: 0x01006B96C2D89248E44D9DCCC3EFE7C6F01F009AE4A35CBC209B4AAB88D9DE8B191F78 | AA24: Branch Calendar Event | AC24: 992 | AD24: 46221 | AE24: 46161 | AF24: 102 | AG24: 102 | AH24: 4.0 | AI24: FALSE | AJ24: 62765f15-cf9d-47a1-aa97-17d339875b43 | AK24: [Record] | AL24: [Table] | AM24: [Table] | AN24: [Record] | AO24: [Record] | AP24: [Record] | AQ24: [Record] | AR24: [Record] | AS24: [Record] | AT24: [Record] | AU24: [Record] | AV24: [Record] | AW24: [Record] | AX24: [Table] | AY24: [Record] | AZ24: [Record] | BA24: [Table] | BB24: [Record] | BC24: [Record] | BD24: [Record] | BI24: Queensland Branch Rover Council Meeting
A25: 0 | B25: 951 | E25: Branch Finance Committee | F25: 3rd Monday of the month | G25: Low | J25: Calendar Entry | K25: 46068 | L25: 46068 | P25: [List] | Q25: [List] | T25: 5741 | U25: 0x01006B96C2D89248E44D9DCCC3EFE7C6F01F009AE4A35CBC209B4AAB88D9DE8B191F78 | AA25: Branch Calendar Event | AC25: 951 | AD25: 46221 | AE25: 46161 | AF25: 102 | AG25: 102 | AH25: 4.0 | AI25: FALSE | AJ25: 89c08ccb-06c4-41b5-b457-fe729493d3a0 | AK25: [Record] | AL25: [Table] | AM25: [Table] | AN25: [Record] | AO25: [Record] | AP25: [Record] | AQ25: [Record] | AR25: [Record] | AS25: [Record] | AT25: [Record] | AU25: [Record] | AV25: [Record] | AW25: [Record] | AX25: [Table] | AY25: [Record] | AZ25: [Record] | BA25: [Table] | BB25: [Record] | BC25: [Record] | BD25: [Record] | BI25: Branch Finance Committee
A26: 0 | B26: 971 | E26: Branch Scout Section Council | F26: Monthly | G26: Low | J26: Calendar Entry | K26: 46068 | L26: 46068 | P26: [List] | Q26: [List] | T26: 5761 | U26: 0x01006B96C2D89248E44D9DCCC3EFE7C6F01F009AE4A35CBC209B4AAB88D9DE8B191F78 | Z26: BC Joey Scouts | AA26: Branch Calendar Event | AC26: 971 | AD26: 46221 | AE26: 46161 | AF26: 102 | AG26: 102 | AH26: 5.0 | AI26: FALSE | AJ26: ab57b248-e204-4efd-8a75-cde76fb7aae6 | AK26: [Record] | AL26: [Table] | AM26: [Table] | AN26: [Record] | AO26: [Record] | AP26: [Record] | AQ26: [Record] | AR26: [Record] | AS26: [Record] | AT26: [Record] | AU26: [Record] | AV26: [Record] | AW26: [Record] | AX26: [Table] | AY26: [Record] | AZ26: [Record] | BA26: [Table] | BB26: [Record] | BC26: [Record] | BD26: [Record] | BI26: Branch Scout Section Council
A27: 0 | B27: 980 | E27: Branch Youth Venturer Scout Council | F27: Monthly | G27: Low | J27: Calendar Entry | K27: 46070 | L27: 46070 | P27: [List] | Q27: [List] | T27: 5770 | U27: 0x01006B96C2D89248E44D9DCCC3EFE7C6F01F009AE4A35CBC209B4AAB88D9DE8B191F78 | AA27: Branch Calendar Event | AC27: 980 | AD27: 46221 | AE27: 46161 | AF27: 102 | AG27: 102 | AH27: 4.0 | AI27: FALSE | AJ27: 2a9a3e4f-e0a4-4681-876f-f33202fcaa46 | AK27: [Record] | AL27: [Table] | AM27: [Table] | AN27: [Record] | AO27: [Record] | AP27: [Record] | AQ27: [Record] | AR27: [Record] | AS27: [Record] | AT27: [Record] | AU27: [Record] | AV27: [Record] | AW27: [Record] | AX27: [Table] | AY27: [Record] | AZ27: [Record] | BA27: [Table] | BB27: [Record] | BC27: [Record] | BD27: [Record] | BI27: Branch Youth Venturer Scout Council
A28: 0 | B28: 963 | E28: Branch Joey Scout Council | F28: Monthly | G28: Low | J28: Calendar Entry | K28: 46070 | L28: 46070 | P28: [List] | Q28: [List] | S28: Joey Scouts | T28: 5753 | U28: 0x01006B96C2D89248E44D9DCCC3EFE7C6F01F009AE4A35CBC209B4AAB88D9DE8B191F78 | Z28: BC Joey Scouts | AA28: Branch Calendar Event | AC28: 963 | AD28: 46221 | AE28: 46161 | AF28: 102 | AG28: 102 | AH28: 5.0 | AI28: FALSE | AJ28: 1bc404c7-8dc6-498c-879b-9c7a2ed4afdd | AK28: [Record] | AL28: [Table] | AM28: [Table] | AN28: [Record] | AO28: [Record] | AP28: [Record] | AQ28: [Record] | AR28: [Record] | AS28: [Record] | AT28: [Record] | AU28: [Record] | AV28: [Record] | AW28: [Record] | AX28: [Table] | AY28: [Record] | AZ28: [Record] | BA28: [Table] | BB28: [Record] | BC28: [Record] | BD28: [Record] | BI28: Branch Joey Scout Council
A29: 0 | B29: 928 | E29: Branch Cub Scout Section Team Meeting | F29: Monthly | G29: Low | J29: Calendar Entry | K29: 46071 | L29: 46071 | P29: [List] | Q29: [List] | T29: 5718 | U29: 0x01006B96C2D89248E44D9DCCC3EFE7C6F01F009AE4A35CBC209B4AAB88D9DE8B191F78 | AA29: Branch Calendar Event | AC29: 928 | AD29: 46221 | AE29: 46161 | AF29: 102 | AG29: 102 | AH29: 4.0 | AI29: FALSE | AJ29: 4f0c95fb-7bb9-443c-960f-0f759cd57086 | AK29: [Record] | AL29: [Table] | AM29: [Table] | AN29: [Record] | AO29: [Record] | AP29: [Record] | AQ29: [Record] | AR29: [Record] | AS29: [Record] | AT29: [Record] | AU29: [Record] | AV29: [Record] | AW29: [Record] | AX29: [Table] | AY29: [Record] | AZ29: [Record] | BA29: [Table] | BB29: [Record] | BC29: [Record] | BD29: [Record] | BI29: Branch Cub Scout Section Team Meeting
A30: 0 | B30: 882 | E30: Founder's Day Dinner | F30: By invitation only | G30: Low | J30: Calendar Entry | K30: 46072 | L30: 46072 | P30: [List] | Q30: [List] | T30: 5669 | U30: 0x01006B96C2D89248E44D9DCCC3EFE7C6F01F009AE4A35CBC209B4AAB88D9DE8B191F78 | AA30: Branch Calendar Event | AC30: 882 | AD30: 46221 | AE30: 46161 | AF30: 102 | AG30: 102 | AH30: 4.0 | AI30: FALSE | AJ30: 75f9f702-f167-402f-9ac5-22ca5a67f171 | AK30: [Record] | AL30: [Table] | AM30: [Table] | AN30: [Record] | AO30: [Record] | AP30: [Record] | AQ30: [Record] | AR30: [Record] | AS30: [Record] | AT30: [Record] | AU30: [Record] | AV30: [Record] | AW30: [Record] | AX30: [Table] | AY30: [Record] | AZ30: [Record] | BA30: [Table] | BB30: [Record] | BC30: [Record] | BD30: [Record] | BI30: Founder's Day Dinner
A31: 0 | B31: 1009 | E31: Scouting Adventure (Ipswich) | F31: Applications Close: 30/01/2026 Course Number: 1102601 Course Fee: $ 170.00 Pre requisites: Scouting Essentials and completion of Scouting Adventure On Demand learning Click here for the Training Program Outline Click here to apply for this training course This program will provide leaders of youth the skills and knowledge needed to support the delivery of the youth program to achieve Outdoor Adventure Skills Core Stage 3. Note: Times listed are indicative only, refer to final course documentation of your course for confirmed course times. | G31: Low | J31: Calendar Entry | K31: 46072 | L31: 46074 | P31: [List] | Q31: [List] | S31: Training - AA | T31: 7154 | U31: 0x01006B96C2D89248E44D9DCCC3EFE7C6F01F009AE4A35CBC209B4AAB88D9DE8B191F78 | AA31: Branch Calendar Event | AC31: 1009 | AD31: 46221 | AE31: 46161 | AF31: 102 | AG31: 102 | AH31: 4.0 | AI31: FALSE | AJ31: d03a7bce-9460-4674-bcac-bd4a65bb6a20 | AK31: [Record] | AL31: [Table] | AM31: [Table] | AN31: [Record] | AO31: [Record] | AP31: [Record] | AQ31: [Record] | AR31: [Record] | AS31: [Record] | AT31: [Record] | AU31: [Record] | AV31: [Record] | AW31: [Record] | AX31: [Table] | AY31: [Record] | AZ31: [Record] | BA31: [Table] | BB31: [Record] | BC31: [Record] | BD31: [Record] | BI31: Scouting Adventure (Ipswich)
A32: 0 | B32: 1060 | E32: Scouting Adventure (Ipswich) | F32: Applications Close: 30/01/2026 Course Number: 1102601 Course Fee: $ 170.00 Pre requisites: Scouting Essentials and completion of Scouting Adventure On Demand learning Click here for the Training Program Outline Click here to apply for this training course This program will provide leaders of youth the skills and knowledge needed to support the delivery of the youth program to achieve Outdoor Adventure Skills Core Stage 3. Note: Times listed are indicative only, refer to final course documentation of your course for confirmed course times. | G32: Low | J32: Calendar Entry | K32: 46072 | L32: 46074 | P32: [List] | Q32: [List] | S32: Training - AA | T32: 7478 | U32: 0x01006B96C2D89248E44D9DCCC3EFE7C6F01F009AE4A35CBC209B4AAB88D9DE8B191F78 | AA32: Branch Calendar Event | AC32: 1060 | AD32: 46221 | AE32: 46161 | AF32: 102 | AG32: 102 | AH32: 4.0 | AI32: FALSE | AJ32: a9422bc0-e57e-4648-98c4-cfb429c09662 | AK32: [Record] | AL32: [Table] | AM32: [Table] | AN32: [Record] | AO32: [Record] | AP32: [Record] | AQ32: [Record] | AR32: [Record] | AS32: [Record] | AT32: [Record] | AU32: [Record] | AV32: [Record] | AW32: [Record] | AX32: [Table] | AY32: [Record] | AZ32: [Record] | BA32: [Table] | BB32: [Record] | BC32: [Record] | BD32: [Record] | BI32: Scouting Adventure (Ipswich)
A33: 0 | B33: 899 | E33: Synchronised Cub Scout Camp (local groups) | F33: Yearly | G33: Low | J33: Calendar Entry | K33: 46072 | L33: 46074 | P33: [List] | Q33: [List] | T33: 5688 | U33: 0x01006B96C2D89248E44D9DCCC3EFE7C6F01F009AE4A35CBC209B4AAB88D9DE8B191F78 | AA33: Branch Calendar Event | AC33: 899 | AD33: 46221 | AE33: 46161 | AF33: 102 | AG33: 102 | AH33: 4.0 | AI33: FALSE | AJ33: afabe313-8ec6-4242-93cc-c99c856d3342 | AK33: [Record] | AL33: [Table] | AM33: [Table] | AN33: [Record] | AO33: [Record] | AP33: [Record] | AQ33: [Record] | AR33: [Record] | AS33: [Record] | AT33: [Record] | AU33: [Record] | AV33: [Record] | AW33: [Record] | AX33: [Table] | AY33: [Record] | AZ33: [Record] | BA33: [Table] | BB33: [Record] | BC33: [Record] | BD33: [Record] | BI33: Synchronised Cub Scout Camp (local groups)
A34: 0 | B34: 1008 | E34: Paddling - SUP Inland Flatwater SP/TP | F34: Applications Close: 30/01/2026 Course Number: 2405SP2601 Course Fee: $ 80 Pre requisites: N/A Click here to apply for this training course This program will provide skills and knowledge to paddle a stand-up paddle board on inland flat water. Note: Times listed are indicative only and will be confirmed pre-course. | G34: Low | J34: Calendar Entry | K34: 46073 | L34: 46073 | P34: [List] | Q34: [List] | S34: Training - AA | T34: 7153 | U34: 0x01006B96C2D89248E44D9DCCC3EFE7C6F01F009AE4A35CBC209B4AAB88D9DE8B191F78 | AA34: Branch Calendar Event | AC34: 1008 | AD34: 46221 | AE34: 46161 | AF34: 102 | AG34: 102 | AH34: 4.0 | AI34: FALSE | AJ34: 68054385-10fe-47fc-af04-008c1dbd791a | AK34: [Record] | AL34: [Table] | AM34: [Table] | AN34: [Record] | AO34: [Record] | AP34: [Record] | AQ34: [Record] | AR34: [Record] | AS34: [Record] | AT34: [Record] | AU34: [Record] | AV34: [Record] | AW34: [Record] | AX34: [Table] | AY34: [Record] | AZ34: [Record] | BA34: [Table] | BB34: [Record] | BC34: [Record] | BD34: [Record] | BI34: Paddling - SUP Inland Flatwater SP/TP
A35: 0 | B35: 1059 | E35: Paddling - SUP Inland Flatwater SP/TP | F35: Applications Close: 30/01/2026 Course Number: 2405SP2601 Course Fee: $ 80 Pre requisites: N/A Click here to apply for this training course This program will provide skills and knowledge to paddle a stand-up paddle board on inland flat water. Note: Times listed are indicative only and will be confirmed pre-course. | G35: Low | J35: Calendar Entry | K35: 46073 | L35: 46073 | P35: [List] | Q35: [List] | S35: Training - AA | T35: 7477 | U35: 0x01006B96C2D89248E44D9DCCC3EFE7C6F01F009AE4A35CBC209B4AAB88D9DE8B191F78 | AA35: Branch Calendar Event | AC35: 1059 | AD35: 46221 | AE35: 46161 | AF35: 102 | AG35: 102 | AH35: 4.0 | AI35: FALSE | AJ35: 003c26c8-666a-4e58-ba17-37f753f21270 | AK35: [Record] | AL35: [Table] | AM35: [Table] | AN35: [Record] | AO35: [Record] | AP35: [Record] | AQ35: [Record] | AR35: [Record] | AS35: [Record] | AT35: [Record] | AU35: [Record] | AV35: [Record] | AW35: [Record] | AX35: [Table] | AY35: [Record] | AZ35: [Record] | BA35: [Table] | BB35: [Record] | BC35: [Record] | BD35: [Record] | BI35: Paddling - SUP Inland Flatwater SP/TP
A36: 0 | B36: 881 | E36: Founder's Day | F36: 22 February every year | G36: Low | J36: Calendar Entry | K36: 46074 | L36: 46074 | P36: [List] | Q36: [List] | T36: 5668 | U36: 0x01006B96C2D89248E44D9DCCC3EFE7C6F01F009AE4A35CBC209B4AAB88D9DE8B191F78 | AA36: Branch Calendar Event | AC36: 881 | AD36: 46221 | AE36: 46161 | AF36: 102 | AG36: 102 | AH36: 4.0 | AI36: FALSE | AJ36: fef4df47-6b65-4e02-966c-690f426cf5d5 | AK36: [Record] | AL36: [Table] | AM36: [Table] | AN36: [Record] | AO36: [Record] | AP36: [Record] | AQ36: [Record] | AR36: [Record] | AS36: [Record] | AT36: [Record] | AU36: [Record] | AV36: [Record] | AW36: [Record] | AX36: [Table] | AY36: [Record] | AZ36: [Record] | BA36: [Table] | BB36: [Record] | BC36: [Record] | BD36: [Record] | BI36: Founder's Day
A37: 0 | B37: 874 | E37: ARA Nominations Deadline | F37: Yearly | G37: Low | J37: Calendar Entry | K37: 46075 | L37: 46075 | P37: [List] | Q37: [List] | T37: 5661 | U37: 0x01006B96C2D89248E44D9DCCC3EFE7C6F01F009AE4A35CBC209B4AAB88D9DE8B191F78 | AA37: Branch Calendar Event | AC37: 874 | AD37: 46221 | AE37: 46161 | AF37: 102 | AG37: 102 | AH37: 4.0 | AI37: FALSE | AJ37: a8aff28d-06cf-4a70-82af-cac6e38215da | AK37: [Record] | AL37: [Table] | AM37: [Table] | AN37: [Record] | AO37: [Record] | AP37: [Record] | AQ37: [Record] | AR37: [Record] | AS37: [Record] | AT37: [Record] | AU37: [Record] | AV37: [Record] | AW37: [Record] | AX37: [Table] | AY37: [Record] | AZ37: [Record] | BA37: [Table] | BB37: [Record] | BC37: [Record] | BD37: [Record] | BI37: ARA Nominations Deadline
A38: 0 | B38: 1010 | E38: Scouting Essentials (Online) | F38: Applications Close: 30/01/2026 Course Number: 1002601OL Course Fee: $ 80.00 Pre requisites: Certificate of Adult Membership - Adult Leaders, Rover Scouts Click here for the Training Program Outline Click here to apply for this training course This program will provide the skills and knowledge needed to plan and deliver activities to implement the Youth Program at weekly meetings and overnight activities. Note: Times listed are indicative only, refer to final course documentation for your course for confirmed course times. | G38: Low | J38: Calendar Entry | K38: 46076 | L38: 46076 | P38: [List] | Q38: [List] | S38: Training - AA | T38: 7155 | U38: 0x01006B96C2D89248E44D9DCCC3EFE7C6F01F009AE4A35CBC209B4AAB88D9DE8B191F78 | AA38: Branch Calendar Event | AC38: 1010 | AD38: 46221 | AE38: 46161 | AF38: 102 | AG38: 102 | AH38: 4.0 | AI38: FALSE | AJ38: 7d2614f7-046c-4148-a314-de66c9f794aa | AK38: [Record] | AL38: [Table] | AM38: [Table] | AN38: [Record] | AO38: [Record] | AP38: [Record] | AQ38: [Record] | AR38: [Record] | AS38: [Record] | AT38: [Record] | AU38: [Record] | AV38: [Record] | AW38: [Record] | AX38: [Table] | AY38: [Record] | AZ38: [Record] | BA38: [Table] | BB38: [Record] | BC38: [Record] | BD38: [Record] | BI38: Scouting Essentials (Online)
A39: 0 | B39: 939 | E39: Branch Executive Committee | F39: 4th Tuesday of the month (3rd Tuesday in December) | G39: Low | J39: Calendar Entry | K39: 46076 | L39: 46076 | P39: [List] | Q39: [List] | T39: 5729 | U39: 0x01006B96C2D89248E44D9DCCC3EFE7C6F01F009AE4A35CBC209B4AAB88D9DE8B191F78 | AA39: Branch Calendar Event | AC39: 939 | AD39: 46221 | AE39: 46161 | AF39: 102 | AG39: 102 | AH39: 4.0 | AI39: FALSE | AJ39: 034fabd8-2b86-45d8-8ad4-10f6f291834f | AK39: [Record] | AL39: [Table] | AM39: [Table] | AN39: [Record] | AO39: [Record] | AP39: [Record] | AQ39: [Record] | AR39: [Record] | AS39: [Record] | AT39: [Record] | AU39: [Record] | AV39: [Record] | AW39: [Record] | AX39: [Table] | AY39: [Record] | AZ39: [Record] | BA39: [Table] | BB39: [Record] | BC39: [Record] | BD39: [Record] | BI39: Branch Executive Committee
A40: 0 | B40: 1061 | E40: Scouting Essentials (Online) | F40: Applications Close: 30/01/2026 Course Number: 1002601OL Course Fee: $ 80.00 Pre requisites: Certificate of Adult Membership - Adult Leaders, Rover Scouts Click here for the Training Program Outline Click here to apply for this training course This program will provide the skills and knowledge needed to plan and deliver activities to implement the Youth Program at weekly meetings and overnight activities. Note: Times listed are indicative only, refer to final course documentation for your course for confirmed course times. | G40: Low | J40: Calendar Entry | K40: 46076 | L40: 46076 | P40: [List] | Q40: [List] | S40: Training: Wood Badge | T40: 7479 | U40: 0x01006B96C2D89248E44D9DCCC3EFE7C6F01F009AE4A35CBC209B4AAB88D9DE8B191F78 | AA40: Branch Calendar Event | AC40: 1061 | AD40: 46221 | AE40: 46161 | AF40: 102 | AG40: 102 | AH40: 4.0 | AI40: FALSE | AJ40: f37cd281-2915-4034-aefa-f6ba84329502 | AK40: [Record] | AL40: [Table] | AM40: [Table] | AN40: [Record] | AO40: [Record] | AP40: [Record] | AQ40: [Record] | AR40: [Record] | AS40: [Record] | AT40: [Record] | AU40: [Record] | AV40: [Record] | AW40: [Record] | AX40: [Table] | AY40: [Record] | AZ40: [Record] | BA40: [Table] | BB40: [Record] | BC40: [Record] | BD40: [Record] | BI40: Scouting Essentials (Online)
A41: 0 | B41: 1141 | E41: Scouting Essentials (Online) | F41: Applications Close: 30/01/2026 Course Number: 1002601OL Course Fee: $ 80.00 Pre requisites: Certificate of Adult Membership - Adult Leaders, Rover Scouts Click here for the Training Program Outline Click here to apply for this training course This program will provide the skills and knowledge needed to plan and deliver activities to implement the Youth Program at weekly meetings and overnight activities. Note: Times listed are indicative only, refer to final course documentation for your course for confirmed course times. | G41: Low | J41: Calendar Entry | K41: 46076 | L41: 46076 | P41: [List] | Q41: [List] | S41: Training - AA | T41: 7715 | U41: 0x01006B96C2D89248E44D9DCCC3EFE7C6F01F009AE4A35CBC209B4AAB88D9DE8B191F78 | AA41: Branch Calendar Event | AC41: 1141 | AD41: 46221 | AE41: 46161 | AF41: 102 | AG41: 102 | AH41: 4.0 | AI41: FALSE | AJ41: f600322f-1625-4d57-afb9-32041f90ead2 | AK41: [Record] | AL41: [Table] | AM41: [Table] | AN41: [Record] | AO41: [Record] | AP41: [Record] | AQ41: [Record] | AR41: [Record] | AS41: [Record] | AT41: [Record] | AU41: [Record] | AV41: [Record] | AW41: [Record] | AX41: [Table] | AY41: [Record] | AZ41: [Record] | BA41: [Table] | BB41: [Record] | BC41: [Record] | BD41: [Record] | BI41: Scouting Essentials (Online)
A42: 0 | B42: 894 | E42: Queensland Rover Moot (Q Moot) | F42: Yearly | G42: Low | J42: Calendar Entry | K42: 46079 | L42: 46081 | P42: [List] | Q42: [List] | S42: Rover Scouts | T42: 5683 | U42: 0x01006B96C2D89248E44D9DCCC3EFE7C6F01F009AE4A35CBC209B4AAB88D9DE8B191F78 | AA42: Branch Calendar Event | AC42: 894 | AD42: 46221 | AE42: 46161 | AF42: 102 | AG42: 102 | AH42: 4.0 | AI42: FALSE | AJ42: bd7d368f-4be7-46e6-a8ad-d0add49c7046 | AK42: [Record] | AL42: [Table] | AM42: [Table] | AN42: [Record] | AO42: [Record] | AP42: [Record] | AQ42: [Record] | AR42: [Record] | AS42: [Record] | AT42: [Record] | AU42: [Record] | AV42: [Record] | AW42: [Record] | AX42: [Table] | AY42: [Record] | AZ42: [Record] | BA42: [Table] | BB42: [Record] | BC42: [Record] | BD42: [Record] | BI42: Queensland Rover Moot (Q Moot)
A43: 0 | B43: 1062 | E43: Paddling - Canoe/Kayak Inland Flatwater SP | F43: Applications Close: 06/02/2026 Course Number: 2400SP2601 Course Fee: $ 80 Pre requisites: N/A Click here for the Training Program Outline Click here to apply for this training course This program will provide fundamental skills and knowledge for paddling in a canoe and a kayak. Note: Times listed are indicative only and will be confirmed pre-course. | G43: Low | J43: Calendar Entry | K43: 46080 | L43: 46080 | P43: [List] | Q43: [List] | S43: Training - AA | T43: 7482 | U43: 0x01006B96C2D89248E44D9DCCC3EFE7C6F01F009AE4A35CBC209B4AAB88D9DE8B191F78 | AA43: Branch Calendar Event | AC43: 1062 | AD43: 46221 | AE43: 46161 | AF43: 102 | AG43: 102 | AH43: 4.0 | AI43: FALSE | AJ43: 8af60adf-5210-4364-89f8-6f131776b40f | AK43: [Record] | AL43: [Table] | AM43: [Table] | AN43: [Record] | AO43: [Record] | AP43: [Record] | AQ43: [Record] | AR43: [Record] | AS43: [Record] | AT43: [Record] | AU43: [Record] | AV43: [Record] | AW43: [Record] | AX43: [Table] | AY43: [Record] | AZ43: [Record] | BA43: [Table] | BB43: [Record] | BC43: [Record] | BD43: [Record] | BI43: Paddling - Canoe/Kayak Inland Flatwater SP
A44: 0 | B44: 1013 | E44: Paddling - Canoe/Kayak Inland Flatwater SP | F44: Applications Close: 06/02/2026 Course Number: 2400SP2601 Course Fee: $ 80 Pre requisites: N/A Click here for the Training Program Outline Click here to apply for this training course This program will provide fundamental skills and knowledge for paddling in a canoe and a kayak. Note: Times listed are indicative only and will be confirmed pre-course. | G44: Low | J44: Calendar Entry | K44: 46080 | L44: 46080 | P44: [List] | Q44: [List] | T44: 7158 | U44: 0x01006B96C2D89248E44D9DCCC3EFE7C6F01F009AE4A35CBC209B4AAB88D9DE8B191F78 | AA44: Branch Calendar Event | AC44: 1013 | AD44: 46221 | AE44: 46161 | AF44: 102 | AG44: 102 | AH44: 4.0 | AI44: FALSE | AJ44: ca8c6887-ec88-4641-84f4-8b004dfaf1c8 | AK44: [Record] | AL44: [Table] | AM44: [Table] | AN44: [Record] | AO44: [Record] | AP44: [Record] | AQ44: [Record] | AR44: [Record] | AS44: [Record] | AT44: [Record] | AU44: [Record] | AV44: [Record] | AW44: [Record] | AX44: [Table] | AY44: [Record] | AZ44: [Record] | BA44: [Table] | BB44: [Record] | BC44: [Record] | BD44: [Record] | BI44: Paddling - Canoe/Kayak Inland Flatwater SP
A45: 0 | B45: 1012 | E45: Paddling - Kayak Inland Flatwater TP (Wide Bay) | F45: Applications Close: 06/02/2026 Course Number: 0 Course Fee: $ 155 Pre requisites: Kayaking Flat Water Safe Participant (SP) appointment Click here for the Training Program Outline Click here to apply for this training course This program will provide skills and knowledge to paddle a kayak on inland flat water, including rescue following capsize. Note: Times listed are indicative only and will be confirmed pre-course. | G45: Low | J45: Calendar Entry | K45: 46080 | L45: 46080 | P45: [List] | Q45: [List] | S45: Training - AA | T45: 7157 | U45: 0x01006B96C2D89248E44D9DCCC3EFE7C6F01F009AE4A35CBC209B4AAB88D9DE8B191F78 | AA45: Branch Calendar Event | AC45: 1012 | AD45: 46221 | AE45: 46161 | AF45: 102 | AG45: 102 | AH45: 4.0 | AI45: FALSE | AJ45: 440404a2-cc01-4784-ac91-b390506c3994 | AK45: [Record] | AL45: [Table] | AM45: [Table] | AN45: [Record] | AO45: [Record] | AP45: [Record] | AQ45: [Record] | AR45: [Record] | AS45: [Record] | AT45: [Record] | AU45: [Record] | AV45: [Record] | AW45: [Record] | AX45: [Table] | AY45: [Record] | AZ45: [Record] | BA45: [Table] | BB45: [Record] | BC45: [Record] | BD45: [Record] | BI45: Paddling - Kayak Inland Flatwater TP (Wide Bay)
A46: 0 | B46: 1014 | E46: Paddling - Canoe/Kayak Inland Flatwater SP | F46: Applications Close: 06/02/2025 Course Number: 2400SP2602 Course Fee: $ 80 Pre requisites: N/A Click here for the Training Program Outline Click here to apply for this training course This program will provide fundamental skills and knowledge for paddling in a canoe and a kayak. Note: Times listed are indicative only and will be confirmed pre-course. | G46: Low | J46: Calendar Entry | K46: 46080 | L46: 46080 | P46: [List] | Q46: [List] | S46: Training - AA | T46: 7159 | U46: 0x01006B96C2D89248E44D9DCCC3EFE7C6F01F009AE4A35CBC209B4AAB88D9DE8B191F78 | AA46: Branch Calendar Event | AC46: 1014 | AD46: 46221 | AE46: 46161 | AF46: 102 | AG46: 102 | AH46: 4.0 | AI46: FALSE | AJ46: f659c6c7-28fc-47a7-8254-71356a211068 | AK46: [Record] | AL46: [Table] | AM46: [Table] | AN46: [Record] | AO46: [Record] | AP46: [Record] | AQ46: [Record] | AR46: [Record] | AS46: [Record] | AT46: [Record] | AU46: [Record] | AV46: [Record] | AW46: [Record] | AX46: [Table] | AY46: [Record] | AZ46: [Record] | BA46: [Table] | BB46: [Record] | BC46: [Record] | BD46: [Record] | BI46: Paddling - Canoe/Kayak Inland Flatwater SP
A47: 0 | B47: 1063 | E47: Paddling - Canoe/Kayak Inland Flatwater SP | F47: Applications Close: 06/02/2025 Course Number: 2400SP2602 Course Fee: $ 80 Pre requisites: N/A Click here for the Training Program Outline Click here to apply for this training course This program will provide fundamental skills and knowledge for paddling in a canoe and a kayak. Note: Times listed are indicative only and will be confirmed pre-course. | G47: Low | J47: Calendar Entry | K47: 46080 | L47: 46080 | P47: [List] | Q47: [List] | S47: Training - AA | T47: 7483 | U47: 0x01006B96C2D89248E44D9DCCC3EFE7C6F01F009AE4A35CBC209B4AAB88D9DE8B191F78 | AA47: Branch Calendar Event | AC47: 1063 | AD47: 46221 | AE47: 46161 | AF47: 102 | AG47: 102 | AH47: 4.0 | AI47: FALSE | AJ47: 3c0c8687-4fc9-47d7-bd61-d51e5bd75747 | AK47: [Record] | AL47: [Table] | AM47: [Table] | AN47: [Record] | AO47: [Record] | AP47: [Record] | AQ47: [Record] | AR47: [Record] | AS47: [Record] | AT47: [Record] | AU47: [Record] | AV47: [Record] | AW47: [Record] | AX47: [Table] | AY47: [Record] | AZ47: [Record] | BA47: [Table] | BB47: [Record] | BC47: [Record] | BD47: [Record] | BI47: Paddling - Canoe/Kayak Inland Flatwater SP
A48: 0 | B48: 1011 | E48: Scouting Adventure (Townsville) | F48: Applications Close: 06/02/2026 Course Number: 1102602 Course Fee: $ 170.00 Pre requisites: Scouting Essentials and completion of Scouting Adventure On Demand learning Click here for the Training Program Outline Click here to apply for this training course This program will provide leaders of youth the skills and knowledge needed to support the delivery of the youth program to achieve Outdoor Adventure Skills Core Stage 3. Note: Times listed are indicative only, refer to final course documentation of your course for confirmed course times. | G48: Low | J48: Calendar Entry | K48: 46080 | L48: 46081 | P48: [List] | Q48: [List] | S48: Training - AA | T48: 7156 | U48: 0x01006B96C2D89248E44D9DCCC3EFE7C6F01F009AE4A35CBC209B4AAB88D9DE8B191F78 | AA48: Branch Calendar Event | AC48: 1011 | AD48: 46221 | AE48: 46161 | AF48: 102 | AG48: 102 | AH48: 4.0 | AI48: FALSE | AJ48: 4281ed2e-95a1-4979-98ce-5cd27132a132 | AK48: [Record] | AL48: [Table] | AM48: [Table] | AN48: [Record] | AO48: [Record] | AP48: [Record] | AQ48: [Record] | AR48: [Record] | AS48: [Record] | AT48: [Record] | AU48: [Record] | AV48: [Record] | AW48: [Record] | AX48: [Table] | AY48: [Record] | AZ48: [Record] | BA48: [Table] | BB48: [Record] | BC48: [Record] | BD48: [Record] | BI48: Scouting Adventure (Townsville)
A49: 0 | B49: 1073 | E49: Paddling - SUP Inland Flatwater SP | F49: Applications Close: 06/02/2025 Course Number: 2405SP2602 Course Fee: $ 80.00 Pre requisites: N/A Click here to apply for this training course This program will provide skills and knowledge to paddle a stand-up paddle board on inland flat water. Note: Times listed are indicative only and will be confirmed pre-course. | G49: Low | J49: Calendar Entry | K49: 46081 | L49: 46081 | P49: [List] | Q49: [List] | S49: Training - AA | T49: 7545 | U49: 0x01006B96C2D89248E44D9DCCC3EFE7C6F01F009AE4A35CBC209B4AAB88D9DE8B191F78 | AA49: Branch Calendar Event | AC49: 1073 | AD49: 46221 | AE49: 46161 | AF49: 102 | AG49: 102 | AH49: 4.0 | AI49: FALSE | AJ49: fefee78b-9401-4d3f-819f-39d9cd5fdc98 | AK49: [Record] | AL49: [Table] | AM49: [Table] | AN49: [Record] | AO49: [Record] | AP49: [Record] | AQ49: [Record] | AR49: [Record] | AS49: [Record] | AT49: [Record] | AU49: [Record] | AV49: [Record] | AW49: [Record] | AX49: [Table] | AY49: [Record] | AZ49: [Record] | BA49: [Table] | BB49: [Record] | BC49: [Record] | BD49: [Record] | BI49: Paddling - SUP Inland Flatwater SP
A50: 0 | B50: 1074 | E50: Scouting Leadership (Rockhampton) | F50: Applications Close: 20/02/2026 Course Number: 1302601 Course Fee: $ 170.00 Pre requisites: 6 months since completion of Scouting Adventure or Scouting Management Click here for the Training Program Outline Click here to apply for this training course This program will build on skills and knowledge gained through the delivery of youth program and deepen understanding of Scouting fundamentals. Note: Times listed are indicative only, refer to final course documentation for your course for confirmed course times. | G50: Low | J50: Calendar Entry | K50: 46086 | L50: 46088 | P50: [List] | Q50: [List] | S50: Training - AA | T50: 7546 | U50: 0x01006B96C2D89248E44D9DCCC3EFE7C6F01F009AE4A35CBC209B4AAB88D9DE8B191F78 | AA50: Branch Calendar Event | AC50: 1074 | AD50: 46221 | AE50: 46161 | AF50: 102 | AG50: 102 | AH50: 4.0 | AI50: FALSE | AJ50: aa428aa7-a978-47c1-9e34-c928ee4c3d9e | AK50: [Record] | AL50: [Table] | AM50: [Table] | AN50: [Record] | AO50: [Record] | AP50: [Record] | AQ50: [Record] | AR50: [Record] | AS50: [Record] | AT50: [Record] | AU50: [Record] | AV50: [Record] | AW50: [Record] | AX50: [Table] | AY50: [Record] | AZ50: [Record] | BA50: [Table] | BB50: [Record] | BC50: [Record] | BD50: [Record] | BI50: Scouting Leadership (Rockhampton)
A51: 0 | B51: 909 | E51: Region Commissioners Conference | F51: Friday to Sunday | G51: Low | J51: Calendar Entry | K51: 46086 | L51: 46088 | P51: [List] | Q51: [List] | T51: 5698 | U51: 0x01006B96C2D89248E44D9DCCC3EFE7C6F01F009AE4A35CBC209B4AAB88D9DE8B191F78 | AA51: Branch Calendar Event | AC51: 909 | AD51: 46221 | AE51: 46161 | AF51: 102 | AG51: 102 | AH51: 4.0 | AI51: FALSE | AJ51: 0a13fa73-9b30-4910-97d2-d9a4a364003a | AK51: [Record] | AL51: [Table] | AM51: [Table] | AN51: [Record] | AO51: [Record] | AP51: [Record] | AQ51: [Record] | AR51: [Record] | AS51: [Record] | AT51: [Record] | AU51: [Record] | AV51: [Record] | AW51: [Record] | AX51: [Table] | AY51: [Record] | AZ51: [Record] | BA51: [Table] | BB51: [Record] | BC51: [Record] | BD51: [Record] | BI51: Region Commissioners Conference
A52: 0 | B52: 1076 | E52: Basic Water Rescue (FNR) | F52: Applications Close: 20/02/2026 Course Number: 2000SK2601 Course Fee: $ 55 Pre requisites: Adult Supporters, Adult Leaders, Rover Scouts, Venturer Scouts Click here to apply for this training course This program will provide skills and knowledge required to perform basic water rescues in indoor and outdoor aquatic venues Note: Times listed are indicative only and will be confirmed pre-course. | G52: Low | J52: Calendar Entry | K52: 46087 | L52: 46087 | P52: [List] | Q52: [List] | S52: Training - AA | T52: 7554 | U52: 0x01006B96C2D89248E44D9DCCC3EFE7C6F01F009AE4A35CBC209B4AAB88D9DE8B191F78 | AA52: Branch Calendar Event | AC52: 1076 | AD52: 46221 | AE52: 46161 | AF52: 102 | AG52: 102 | AH52: 4.0 | AI52: FALSE | AJ52: e304bc6c-ff88-4543-b7f6-42f2cd933746 | AK52: [Record] | AL52: [Table] | AM52: [Table] | AN52: [Record] | AO52: [Record] | AP52: [Record] | AQ52: [Record] | AR52: [Record] | AS52: [Record] | AT52: [Record] | AU52: [Record] | AV52: [Record] | AW52: [Record] | AX52: [Table] | AY52: [Record] | AZ52: [Record] | BA52: [Table] | BB52: [Record] | BC52: [Record] | BD52: [Record] | BI52: Basic Water Rescue (FNR)
A53: 0 | B53: 1075 | E53: Snorkelling - SP/Guide (Sunshine Coast) | F53: Applications Close: 20/02/2026 Course Number: 2500PR2601 Course Fee: $ 155.00 Pre requisites: N/A Click here for the Training Program Outline Click here to apply for this training course This program will provide skills and knowledge to snorkel and prepare, lead and supervise a snorkelling session . Note: Times listed are indicative only and will be confirmed pre-course. | G53: Low | J53: Calendar Entry | K53: 46087 | L53: 46088 | P53: [List] | Q53: [List] | S53: Training - AA | T53: 7553 | U53: 0x01006B96C2D89248E44D9DCCC3EFE7C6F01F009AE4A35CBC209B4AAB88D9DE8B191F78 | AA53: Branch Calendar Event | AC53: 1075 | AD53: 46221 | AE53: 46161 | AF53: 102 | AG53: 102 | AH53: 4.0 | AI53: FALSE | AJ53: 7db23fe0-4b71-4e1f-b0e2-6a35548925c3 | AK53: [Record] | AL53: [Table] | AM53: [Table] | AN53: [Record] | AO53: [Record] | AP53: [Record] | AQ53: [Record] | AR53: [Record] | AS53: [Record] | AT53: [Record] | AU53: [Record] | AV53: [Record] | AW53: [Record] | AX53: [Table] | AY53: [Record] | AZ53: [Record] | BA53: [Table] | BB53: [Record] | BC53: [Record] | BD53: [Record] | BI53: Snorkelling - SP/Guide (Sunshine Coast)
A54: 0 | B54: 1142 | E54: Scouting Management - Group Leaders (Online) | F54: Applications Close: 20/02/2026 Course Number: 1202601OL Course Fee: $ 80.00 Pre requisites: Scouting Essentials and completion of Scouting Management On Demand learning Click here for the Training Program Outline Click here to apply for this training course This program will provide leaders of adults the skills and knowledge needed to manage and administer a formation at a group level to support the delivery of youth program. Note: This is the same curriculum as Scouting Management (for Commissioners and Advisers) but with Group Leader relevant examples Note: Times listed are indicative only, refer to final course documentation of your course for confirmed course times. | G54: Low | J54: Calendar Entry | K54: 46091 | L54: 46112 | P54: [List] | Q54: [List] | T54: 7720 | U54: 0x01006B96C2D89248E44D9DCCC3EFE7C6F01F009AE4A35CBC209B4AAB88D9DE8B191F78 | AA54: Branch Calendar Event | AC54: 1142 | AD54: 46221 | AE54: 46161 | AF54: 102 | AG54: 102 | AH54: 4.0 | AI54: FALSE | AJ54: 6602036c-cd0a-432e-8c53-63cee8342cfc | AK54: [Record] | AL54: [Table] | AM54: [Table] | AN54: [Record] | AO54: [Record] | AP54: [Record] | AQ54: [Record] | AR54: [Record] | AS54: [Record] | AT54: [Record] | AU54: [Record] | AV54: [Record] | AW54: [Record] | AX54: [Table] | AY54: [Record] | AZ54: [Record] | BA54: [Table] | BB54: [Record] | BC54: [Record] | BD54: [Record] | BI54: Scouting Management - Group Leaders (Online)
A55: 0 | B55: 1077 | E55: Scouting Management - Group Leaders (Online) | F55: Applications Close: 20/02/2026 Course Number: 1202601OL Course Fee: $ 80.00 Pre requisites: Scouting Essentials and completion of Scouting Management On Demand learning Click here for the Training Program Outline Click here to apply for this training course This program will provide leaders of adults the skills and knowledge needed to manage and administer a formation at a group level to support the delivery of youth program. Note: This is the same curriculum as Scouting Management (for Commissioners and Advisers) but with Group Leader relevant examples Note: Times listed are indicative only, refer to final course documentation of your course for confirmed course times. | G55: Low | J55: Calendar Entry | K55: 46091 | L55: 46091 | P55: [List] | Q55: [List] | S55: Training - AA | T55: 7555 | U55: 0x01006B96C2D89248E44D9DCCC3EFE7C6F01F009AE4A35CBC209B4AAB88D9DE8B191F78 | AA55: Branch Calendar Event | AC55: 1077 | AD55: 46221 | AE55: 46161 | AF55: 102 | AG55: 102 | AH55: 4.0 | AI55: FALSE | AJ55: 25f0b97d-70e5-4b4a-adc7-e06683840edf | AK55: [Record] | AL55: [Table] | AM55: [Table] | AN55: [Record] | AO55: [Record] | AP55: [Record] | AQ55: [Record] | AR55: [Record] | AS55: [Record] | AT55: [Record] | AU55: [Record] | AV55: [Record] | AW55: [Record] | AX55: [Table] | AY55: [Record] | AZ55: [Record] | BA55: [Table] | BB55: [Record] | BC55: [Record] | BD55: [Record] | BI55: Scouting Management - Group Leaders (Online)
A56: 0 | B56: 1066 | E56: Scouting Leadership (Brisbane) | F56: Applications Close: 20/02/2026 Course Number: 1302602 Course Fee: $ 170.00 Pre requisites: 6 months since completion of Scouting Adventure or Scouting Management Click here for the Training Program Outline Click here to apply for this training course This program will build on skills and knowledge gained through the delivery of youth program and deepen understanding of Scouting fundamentals. Note: Times listed are indicative only, refer to final course documentation for your course for confirmed course times. | G56: Low | J56: Calendar Entry | K56: 46093 | L56: 46095 | P56: [List] | Q56: [List] | S56: Training - AA | T56: 7486 | U56: 0x01006B96C2D89248E44D9DCCC3EFE7C6F01F009AE4A35CBC209B4AAB88D9DE8B191F78 | AA56: Branch Calendar Event | AC56: 1066 | AD56: 46221 | AE56: 46161 | AF56: 102 | AG56: 102 | AH56: 4.0 | AI56: FALSE | AJ56: a19e56e9-d788-4155-85e4-51a4480235b3 | AK56: [Record] | AL56: [Table] | AM56: [Table] | AN56: [Record] | AO56: [Record] | AP56: [Record] | AQ56: [Record] | AR56: [Record] | AS56: [Record] | AT56: [Record] | AU56: [Record] | AV56: [Record] | AW56: [Record] | AX56: [Table] | AY56: [Record] | AZ56: [Record] | BA56: [Table] | BB56: [Record] | BC56: [Record] | BD56: [Record] | BI56: Scouting Leadership (Brisbane)
A57: 0 | B57: 1065 | E57: Scouting Adventure (Mackay) | F57: Applications Close: 20/02/2026 Course Number: 1102603 Course Fee: $ 170.00 Pre requisites: Scouting Essentials and completion of Scouting Adventure On Demand learning Click here for the Training Program Outline Click here to apply for this training course This program will provide leaders of youth the skills and knowledge needed to support the delivery of the youth program to achieve Outdoor Adventure Skills Core Stage 3. Note: Times listed are indicative only, refer to final course documentation of your course for confirmed course times. | G57: Low | J57: Calendar Entry | K57: 46093 | L57: 46095 | P57: [List] | Q57: [List] | S57: Training - AA | T57: 7485 | U57: 0x01006B96C2D89248E44D9DCCC3EFE7C6F01F009AE4A35CBC209B4AAB88D9DE8B191F78 | AA57: Branch Calendar Event | AC57: 1065 | AD57: 46221 | AE57: 46161 | AF57: 102 | AG57: 102 | AH57: 4.0 | AI57: FALSE | AJ57: 6a6d9415-3f91-4c31-946d-e4839aa7c365 | AK57: [Record] | AL57: [Table] | AM57: [Table] | AN57: [Record] | AO57: [Record] | AP57: [Record] | AQ57: [Record] | AR57: [Record] | AS57: [Record] | AT57: [Record] | AU57: [Record] | AV57: [Record] | AW57: [Record] | AX57: [Table] | AY57: [Record] | AZ57: [Record] | BA57: [Table] | BB57: [Record] | BC57: [Record] | BD57: [Record] | BI57: Scouting Adventure (Mackay)
A58: 0 | B58: 1064 | E58: Scouting Essentials (Emerald) Course | F58: Applications Close: 20/02/2026 Course Number: 1002602 Course Fee: $ 170.00 Pre requisites: Certificate of Adult Membership - Adult Leaders, Rover Scouts Click here for the Training Program Outline Click here to apply for this training course This program will provide the skills and knowledge needed to plan and deliver activities to implement the Youth Program at weekly meetings and overnight activities. Note: Times listed are indicative only, refer to final course documentation for your course for confirmed course times. | G58: Low | J58: Calendar Entry | K58: 46093 | L58: 46095 | P58: [List] | Q58: [List] | S58: Training - AA | T58: 7484 | U58: 0x01006B96C2D89248E44D9DCCC3EFE7C6F01F009AE4A35CBC209B4AAB88D9DE8B191F78 | AA58: Branch Calendar Event | AC58: 1064 | AD58: 46221 | AE58: 46161 | AF58: 102 | AG58: 102 | AH58: 4.0 | AI58: FALSE | AJ58: b44d5757-6664-4a45-b96c-c92d51aac3e2 | AK58: [Record] | AL58: [Table] | AM58: [Table] | AN58: [Record] | AO58: [Record] | AP58: [Record] | AQ58: [Record] | AR58: [Record] | AS58: [Record] | AT58: [Record] | AU58: [Record] | AV58: [Record] | AW58: [Record] | AX58: [Table] | AY58: [Record] | AZ58: [Record] | BA58: [Table] | BB58: [Record] | BC58: [Record] | BD58: [Record] | BI58: Scouting Essentials (Emerald) Course
A59: 0 | B59: 1067 | E59: Scouting Leadership (Townsville) | F59: Applications Close: 20/02/2026 Course Number: 1302603 Course Fee: $ 170.00 Pre requisites: 6 months since completion of Scouting Adventure or Scouting Management Click here for the Training Program Outline Click here to apply for this training course This program will build on skills and knowledge gained through the delivery of youth program and deepen understanding of Scouting fundamentals. Note: Times listed are indicative only, refer to final course documentation for your course for confirmed course times. | G59: Low | J59: Calendar Entry | K59: 46093 | L59: 46095 | P59: [List] | Q59: [List] | S59: Training - AA | T59: 7487 | U59: 0x01006B96C2D89248E44D9DCCC3EFE7C6F01F009AE4A35CBC209B4AAB88D9DE8B191F78 | AA59: Branch Calendar Event | AC59: 1067 | AD59: 46221 | AE59: 46161 | AF59: 102 | AG59: 102 | AH59: 4.0 | AI59: FALSE | AJ59: fc3cab41-ae22-421e-aa14-0e785ce00637 | AK59: [Record] | AL59: [Table] | AM59: [Table] | AN59: [Record] | AO59: [Record] | AP59: [Record] | AQ59: [Record] | AR59: [Record] | AS59: [Record] | AT59: [Record] | AU59: [Record] | AV59: [Record] | AW59: [Record] | AX59: [Table] | AY59: [Record] | AZ59: [Record] | BA59: [Table] | BB59: [Record] | BC59: [Record] | BD59: [Record] | BI59: Scouting Leadership (Townsville)
A60: 0 | B60: 907 | E60: Hop-a-long Leader Conference | F60: Yearly | G60: Low | J60: Calendar Entry | K60: 46094 | L60: 46094 | P60: [List] | Q60: [List] | T60: 5696 | U60: 0x01006B96C2D89248E44D9DCCC3EFE7C6F01F009AE4A35CBC209B4AAB88D9DE8B191F78 | Z60: BC Joey Scouts | AA60: Branch Calendar Event | AC60: 907 | AD60: 46221 | AE60: 46161 | AF60: 102 | AG60: 102 | AH60: 5.0 | AI60: FALSE | AJ60: 896491c9-d8d5-4c91-a28c-5fd2be2490cd | AK60: [Record] | AL60: [Table] | AM60: [Table] | AN60: [Record] | AO60: [Record] | AP60: [Record] | AQ60: [Record] | AR60: [Record] | AS60: [Record] | AT60: [Record] | AU60: [Record] | AV60: [Record] | AW60: [Record] | AX60: [Table] | AY60: [Record] | AZ60: [Record] | BA60: [Table] | BB60: [Record] | BC60: [Record] | BD60: [Record] | BI60: Hop-a-long Leader Conference
A61: 0 | B61: 993 | E61: Queensland Branch Rover Council Meeting | F61: Monthly | G61: Low | J61: Calendar Entry | K61: 46095 | L61: 46095 | P61: [List] | Q61: [List] | S61: Rover Scouts | T61: 5783 | U61: 0x01006B96C2D89248E44D9DCCC3EFE7C6F01F009AE4A35CBC209B4AAB88D9DE8B191F78 | AA61: Branch Calendar Event | AC61: 993 | AD61: 46221 | AE61: 46161 | AF61: 102 | AG61: 102 | AH61: 4.0 | AI61: FALSE | AJ61: e8351e4e-db4c-4dde-8440-2f47924f63ba | AK61: [Record] | AL61: [Table] | AM61: [Table] | AN61: [Record] | AO61: [Record] | AP61: [Record] | AQ61: [Record] | AR61: [Record] | AS61: [Record] | AT61: [Record] | AU61: [Record] | AV61: [Record] | AW61: [Record] | AX61: [Table] | AY61: [Record] | AZ61: [Record] | BA61: [Table] | BB61: [Record] | BC61: [Record] | BD61: [Record] | BI61: Queensland Branch Rover Council Meeting
A62: 0 | B62: 972 | E62: Branch Scout Section Council | F62: Monthly | G62: Low | J62: Calendar Entry | K62: 46096 | L62: 46096 | P62: [List] | Q62: [List] | T62: 5762 | U62: 0x01006B96C2D89248E44D9DCCC3EFE7C6F01F009AE4A35CBC209B4AAB88D9DE8B191F78 | Z62: BC Joey Scouts | AA62: Branch Calendar Event | AC62: 972 | AD62: 46221 | AE62: 46161 | AF62: 102 | AG62: 102 | AH62: 4.0 | AI62: FALSE | AJ62: 28db3fa8-f1ba-4ea4-b61f-5fe97277a2dc | AK62: [Record] | AL62: [Table] | AM62: [Table] | AN62: [Record] | AO62: [Record] | AP62: [Record] | AQ62: [Record] | AR62: [Record] | AS62: [Record] | AT62: [Record] | AU62: [Record] | AV62: [Record] | AW62: [Record] | AX62: [Table] | AY62: [Record] | AZ62: [Record] | BA62: [Table] | BB62: [Record] | BC62: [Record] | BD62: [Record] | BI62: Branch Scout Section Council
A63: 0 | B63: 952 | E63: Branch Finance Committee | F63: 3rd Monday of the month | G63: Low | J63: Calendar Entry | K63: 46096 | L63: 46096 | P63: [List] | Q63: [List] | T63: 5742 | U63: 0x01006B96C2D89248E44D9DCCC3EFE7C6F01F009AE4A35CBC209B4AAB88D9DE8B191F78 | AA63: Branch Calendar Event | AC63: 952 | AD63: 46221 | AE63: 46161 | AF63: 102 | AG63: 102 | AH63: 4.0 | AI63: FALSE | AJ63: db149e29-7ffe-4cbd-8016-95db327c3415 | AK63: [Record] | AL63: [Table] | AM63: [Table] | AN63: [Record] | AO63: [Record] | AP63: [Record] | AQ63: [Record] | AR63: [Record] | AS63: [Record] | AT63: [Record] | AU63: [Record] | AV63: [Record] | AW63: [Record] | AX63: [Table] | AY63: [Record] | AZ63: [Record] | BA63: [Table] | BB63: [Record] | BC63: [Record] | BD63: [Record] | BI63: Branch Finance Committee
A64: 0 | B64: 981 | E64: Branch Youth Venturer Scout Council | F64: Monthly | G64: Low | J64: Calendar Entry | K64: 46098 | L64: 46098 | P64: [List] | Q64: [List] | T64: 5771 | U64: 0x01006B96C2D89248E44D9DCCC3EFE7C6F01F009AE4A35CBC209B4AAB88D9DE8B191F78 | AA64: Branch Calendar Event | AC64: 981 | AD64: 46221 | AE64: 46161 | AF64: 102 | AG64: 102 | AH64: 3.0 | AI64: FALSE | AJ64: 33f754cf-d003-426f-bb39-1738a0cafc02 | AK64: [Record] | AL64: [Table] | AM64: [Table] | AN64: [Record] | AO64: [Record] | AP64: [Record] | AQ64: [Record] | AR64: [Record] | AS64: [Record] | AT64: [Record] | AU64: [Record] | AV64: [Record] | AW64: [Record] | AX64: [Table] | AY64: [Record] | AZ64: [Record] | BA64: [Table] | BB64: [Record] | BC64: [Record] | BD64: [Record] | BI64: Branch Youth Venturer Scout Council
A65: 0 | B65: 929 | E65: Branch Cub Scout Section Team Meeting | F65: Monthly | G65: Low | J65: Calendar Entry | K65: 46099 | L65: 46099 | P65: [List] | Q65: [List] | T65: 5719 | U65: 0x01006B96C2D89248E44D9DCCC3EFE7C6F01F009AE4A35CBC209B4AAB88D9DE8B191F78 | AA65: Branch Calendar Event | AC65: 929 | AD65: 46221 | AE65: 46161 | AF65: 102 | AG65: 102 | AH65: 3.0 | AI65: FALSE | AJ65: 8cd69900-8827-485c-848b-d2e780cfb0ff | AK65: [Record] | AL65: [Table] | AM65: [Table] | AN65: [Record] | AO65: [Record] | AP65: [Record] | AQ65: [Record] | AR65: [Record] | AS65: [Record] | AT65: [Record] | AU65: [Record] | AV65: [Record] | AW65: [Record] | AX65: [Table] | AY65: [Record] | AZ65: [Record] | BA65: [Table] | BB65: [Record] | BC65: [Record] | BD65: [Record] | BI65: Branch Cub Scout Section Team Meeting
A66: 0 | B66: 1078 | E66: Scouting Adventure (Brisbane) | F66: Applications Close: 27/02/2026 Course Number: 1102604 Course Fee: $ 170.00 Pre requisites: Scouting Essentials and completion of Scouting Adventure On Demand learning Click here for the Training Program Outline Click here to apply for this training course This program will provide leaders of youth the skills and knowledge needed to support the delivery of the youth program to achieve Outdoor Adventure Skills Core Stage 3. Note: Times listed are indicative only, refer to final course documentation of your course for confirmed course times. | G66: Low | J66: Calendar Entry | K66: 46100 | L66: 46102 | P66: [List] | Q66: [List] | S66: Training - AA | T66: 7557 | U66: 0x01006B96C2D89248E44D9DCCC3EFE7C6F01F009AE4A35CBC209B4AAB88D9DE8B191F78 | AA66: Branch Calendar Event | AC66: 1078 | AD66: 46221 | AE66: 46161 | AF66: 102 | AG66: 102 | AH66: 3.0 | AI66: FALSE | AJ66: fe4c47e6-e4fa-4893-bb86-ad17a0b086cc | AK66: [Record] | AL66: [Table] | AM66: [Table] | AN66: [Record] | AO66: [Record] | AP66: [Record] | AQ66: [Record] | AR66: [Record] | AS66: [Record] | AT66: [Record] | AU66: [Record] | AV66: [Record] | AW66: [Record] | AX66: [Table] | AY66: [Record] | AZ66: [Record] | BA66: [Table] | BB66: [Record] | BC66: [Record] | BD66: [Record] | BI66: Scouting Adventure (Brisbane)
A67: 0 | B67: 1079 | E67: Scouting Management - Group Leaders (Brisbane) | F67: Applications Close: 27/02/2026 Course Number: 1202602 Course Fee: $ 170 Pre requisites: Scouting Essentials and completion of Scouting Management On Demand learning Click here for the Training Program Outline Click here to apply for this training course This program will provide leaders of adults the skills and knowledge needed to manage and administer a formation at a group level to support the delivery of youth program. Note: This is the same curriculum as Scouting Management (for Commissioners and Advisers) but with Group Leader relevant examples Note: Times listed are indicative only, refer to final course documentation of your course for confirmed course times. | G67: Low | J67: Calendar Entry | K67: 46100 | L67: 46102 | P67: [List] | Q67: [List] | S67: Training - AA | T67: 7558 | U67: 0x01006B96C2D89248E44D9DCCC3EFE7C6F01F009AE4A35CBC209B4AAB88D9DE8B191F78 | AA67: Branch Calendar Event | AC67: 1079 | AD67: 46221 | AE67: 46161 | AF67: 102 | AG67: 102 | AH67: 3.0 | AI67: FALSE | AJ67: dcecdce8-e7c9-4d08-9439-1b706fb70da5 | AK67: [Record] | AL67: [Table] | AM67: [Table] | AN67: [Record] | AO67: [Record] | AP67: [Record] | AQ67: [Record] | AR67: [Record] | AS67: [Record] | AT67: [Record] | AU67: [Record] | AV67: [Record] | AW67: [Record] | AX67: [Table] | AY67: [Record] | AZ67: [Record] | BA67: [Table] | BB67: [Record] | BC67: [Record] | BD67: [Record] | BI67: Scouting Management - Group Leaders (Brisbane)
A68: 0 | B68: 1080 | E68: Scouting Essentials (Brisbane) | F68: Applications Close: 27/02/2026 Course Number: 1002603 Course Fee: $ 170.00 Pre requisites: Certificate of Adult Membership - Adult Leaders, Rover Scouts Click here for the Training Program Outline Click here to apply for this training course This program will provide the skills and knowledge needed to plan and deliver activities to implement the Youth Program at weekly meetings and overnight activities. Note: Times listed are indicative only, refer to final course documentation for your course for confirmed course times. | G68: Low | J68: Calendar Entry | K68: 46100 | L68: 46102 | P68: [List] | Q68: [List] | S68: Training - AA | T68: 7559 | U68: 0x01006B96C2D89248E44D9DCCC3EFE7C6F01F009AE4A35CBC209B4AAB88D9DE8B191F78 | AA68: Branch Calendar Event | AC68: 1080 | AD68: 46221 | AE68: 46161 | AF68: 102 | AG68: 102 | AH68: 3.0 | AI68: FALSE | AJ68: 411af5f3-ddbb-4433-b1ef-672f56b7cd99 | AK68: [Record] | AL68: [Table] | AM68: [Table] | AN68: [Record] | AO68: [Record] | AP68: [Record] | AQ68: [Record] | AR68: [Record] | AS68: [Record] | AT68: [Record] | AU68: [Record] | AV68: [Record] | AW68: [Record] | AX68: [Table] | AY68: [Record] | AZ68: [Record] | BA68: [Table] | BB68: [Record] | BC68: [Record] | BD68: [Record] | BI68: Scouting Essentials (Brisbane)
A69: 0 | B69: 1102 | E69: Scouting Essentials (FNR) | F69: Applications Close: 27/02/2026 Course Number: 1002610 Course Fee: $ 170.00 Pre requisites: Certificate of Adult Membership - Adult Leaders, Rover Scouts Click here for the Training Program Outline Click here to apply for this training course This program will provide the skills and knowledge needed to plan and deliver activities to implement the Youth Program at weekly meetings and overnight activities. Note: Times listed are indicative only, refer to final course documentation for your course for confirmed course times. | G69: Low | J69: Calendar Entry | K69: 46100 | L69: 46102 | P69: [List] | Q69: [List] | S69: Training - AA | T69: 7581 | U69: 0x01006B96C2D89248E44D9DCCC3EFE7C6F01F009AE4A35CBC209B4AAB88D9DE8B191F78 | AA69: Branch Calendar Event | AC69: 1102 | AD69: 46221 | AE69: 46161 | AF69: 102 | AG69: 102 | AH69: 3.0 | AI69: FALSE | AJ69: c1e22852-342d-4424-905b-4315ddcba274 | AK69: [Record] | AL69: [Table] | AM69: [Table] | AN69: [Record] | AO69: [Record] | AP69: [Record] | AQ69: [Record] | AR69: [Record] | AS69: [Record] | AT69: [Record] | AU69: [Record] | AV69: [Record] | AW69: [Record] | AX69: [Table] | AY69: [Record] | AZ69: [Record] | BA69: [Table] | BB69: [Record] | BC69: [Record] | BD69: [Record] | BI69: Scouting Essentials (FNR)
A70: 0 | B70: 921 | E70: Harmony Day | F70: Yearly | G70: Low | J70: Calendar Entry | K70: 46101 | L70: 46101 | P70: [List] | Q70: [List] | T70: 5710 | U70: 0x01006B96C2D89248E44D9DCCC3EFE7C6F01F009AE4A35CBC209B4AAB88D9DE8B191F78 | AA70: Branch Calendar Event | AC70: 921 | AD70: 46221 | AE70: 46161 | AF70: 102 | AG70: 102 | AH70: 3.0 | AI70: FALSE | AJ70: a66e17f5-5b9e-4130-b9dc-bcb26b0a1848 | AK70: [Record] | AL70: [Table] | AM70: [Table] | AN70: [Record] | AO70: [Record] | AP70: [Record] | AQ70: [Record] | AR70: [Record] | AS70: [Record] | AT70: [Record] | AU70: [Record] | AV70: [Record] | AW70: [Record] | AX70: [Table] | AY70: [Record] | AZ70: [Record] | BA70: [Table] | BB70: [Record] | BC70: [Record] | BD70: [Record] | BI70: Harmony Day
A71: 0 | B71: 940 | E71: Branch Executive Committee | F71: 4th Tuesday of the month (3rd Tuesday in December) | G71: Low | J71: Calendar Entry | K71: 46104 | L71: 46104 | P71: [List] | Q71: [List] | T71: 5730 | U71: 0x01006B96C2D89248E44D9DCCC3EFE7C6F01F009AE4A35CBC209B4AAB88D9DE8B191F78 | AA71: Branch Calendar Event | AC71: 940 | AD71: 46221 | AE71: 46161 | AF71: 102 | AG71: 102 | AH71: 3.0 | AI71: FALSE | AJ71: 72c8b77c-6d46-4607-8363-b2d335f53b4e | AK71: [Record] | AL71: [Table] | AM71: [Table] | AN71: [Record] | AO71: [Record] | AP71: [Record] | AQ71: [Record] | AR71: [Record] | AS71: [Record] | AT71: [Record] | AU71: [Record] | AV71: [Record] | AW71: [Record] | AX71: [Table] | AY71: [Record] | AZ71: [Record] | BA71: [Table] | BB71: [Record] | BC71: [Record] | BD71: [Record] | BI71: Branch Executive Committee
A72: 0 | B72: 895 | E72: Region Activity Weekend (RAW) | F72: Quarterly | G72: Low | J72: Calendar Entry | K72: 46107 | L72: 46109 | P72: [List] | Q72: [List] | T72: 5684 | U72: 0x01006B96C2D89248E44D9DCCC3EFE7C6F01F009AE4A35CBC209B4AAB88D9DE8B191F78 | AA72: Branch Calendar Event | AC72: 895 | AD72: 46221 | AE72: 46161 | AF72: 102 | AG72: 102 | AH72: 3.0 | AI72: FALSE | AJ72: 9ab5e7d9-1149-476e-bc4f-b77e45a52d3d | AK72: [Record] | AL72: [Table] | AM72: [Table] | AN72: [Record] | AO72: [Record] | AP72: [Record] | AQ72: [Record] | AR72: [Record] | AS72: [Record] | AT72: [Record] | AU72: [Record] | AV72: [Record] | AW72: [Record] | AX72: [Table] | AY72: [Record] | AZ72: [Record] | BA72: [Table] | BB72: [Record] | BC72: [Record] | BD72: [Record] | BI72: Region Activity Weekend (RAW)
A73: 0 | B73: 1082 | E73: Vertical - Abseiling Natural SP (Wide Bay) | F73: Applications Close: 06/03/2026 Course Number: 0 Course Fee: $ 155.00 Pre requisites: Adult Supporters, Adult Leaders, Rover Scouts, Venturer Scouts Click here for the Training Program Outline Click here to apply for this training course This program will provide fundamental skills and knowledge for abseiling on single pitches. Note: Times listed are indicative only and will be confirmed pre-course. | G73: Low | J73: Calendar Entry | K73: 46108 | L73: 46109 | P73: [List] | Q73: [List] | S73: Training - AA | T73: 7561 | U73: 0x01006B96C2D89248E44D9DCCC3EFE7C6F01F009AE4A35CBC209B4AAB88D9DE8B191F78 | AA73: Branch Calendar Event | AC73: 1082 | AD73: 46221 | AE73: 46161 | AF73: 102 | AG73: 102 | AH73: 3.0 | AI73: FALSE | AJ73: 5f9be2a4-131b-4b05-b061-99e138b9278f | AK73: [Record] | AL73: [Table] | AM73: [Table] | AN73: [Record] | AO73: [Record] | AP73: [Record] | AQ73: [Record] | AR73: [Record] | AS73: [Record] | AT73: [Record] | AU73: [Record] | AV73: [Record] | AW73: [Record] | AX73: [Table] | AY73: [Record] | AZ73: [Record] | BA73: [Table] | BB73: [Record] | BC73: [Record] | BD73: [Record] | BI73: Vertical - Abseiling Natural SP (Wide Bay)
A74: 0 | B74: 1081 | E74: Basic Water Rescue (FNQ) | F74: Applications Close: 06/03/2026 Course Number: 2000SK2602 Course Fee: $ 55 Pre requisites: Adult Supporters, Adult Leaders, Rover Scouts, Venturer Scouts Click here to apply for this training course This program will provide skills and knowledge required to perform basic water rescues in indoor and outdoor aquatic venues Note: Times listed are indicative only and will be confirmed pre-course. | G74: Low | J74: Calendar Entry | K74: 46108 | L74: 46108 | P74: [List] | Q74: [List] | S74: Training - AA | T74: 7560 | U74: 0x01006B96C2D89248E44D9DCCC3EFE7C6F01F009AE4A35CBC209B4AAB88D9DE8B191F78 | AA74: Branch Calendar Event | AC74: 1081 | AD74: 46221 | AE74: 46161 | AF74: 102 | AG74: 102 | AH74: 3.0 | AI74: FALSE | AJ74: 4eb0bb8f-ff2d-4dc4-9993-de35e0e60c3f | AK74: [Record] | AL74: [Table] | AM74: [Table] | AN74: [Record] | AO74: [Record] | AP74: [Record] | AQ74: [Record] | AR74: [Record] | AS74: [Record] | AT74: [Record] | AU74: [Record] | AV74: [Record] | AW74: [Record] | AX74: [Table] | AY74: [Record] | AZ74: [Record] | BA74: [Table] | BB74: [Record] | BC74: [Record] | BD74: [Record] | BI74: Basic Water Rescue (FNQ)
A75: 0 | B75: 920 | E75: Good Friday | F75: Yearly | G75: Low | J75: Calendar Entry | K75: 46114 | L75: 46114 | P75: [List] | Q75: [List] | T75: 5709 | U75: 0x01006B96C2D89248E44D9DCCC3EFE7C6F01F009AE4A35CBC209B4AAB88D9DE8B191F78 | AA75: Branch Calendar Event | AC75: 920 | AD75: 46221 | AE75: 46161 | AF75: 102 | AG75: 102 | AH75: 3.0 | AI75: FALSE | AJ75: 6956f55f-4d1f-4814-97bd-82800cc5bfb4 | AK75: [Record] | AL75: [Table] | AM75: [Table] | AN75: [Record] | AO75: [Record] | AP75: [Record] | AQ75: [Record] | AR75: [Record] | AS75: [Record] | AT75: [Record] | AU75: [Record] | AV75: [Record] | AW75: [Record] | AX75: [Table] | AY75: [Record] | AZ75: [Record] | BA75: [Table] | BB75: [Record] | BC75: [Record] | BD75: [Record] | BI75: Good Friday
A76: 0 | B76: 888 | E76: Kiwi Woggle | F76: Yearly | G76: Low | J76: Calendar Entry | K76: 46114 | L76: 46117 | P76: [List] | Q76: [List] | T76: 5675 | U76: 0x01006B96C2D89248E44D9DCCC3EFE7C6F01F009AE4A35CBC209B4AAB88D9DE8B191F78 | AA76: Branch Calendar Event | AC76: 888 | AD76: 46221 | AE76: 46161 | AF76: 102 | AG76: 102 | AH76: 3.0 | AI76: FALSE | AJ76: 6649f6f5-abc7-4c2e-94cb-fee34e0aa5b6 | AK76: [Record] | AL76: [Table] | AM76: [Table] | AN76: [Record] | AO76: [Record] | AP76: [Record] | AQ76: [Record] | AR76: [Record] | AS76: [Record] | AT76: [Record] | AU76: [Record] | AV76: [Record] | AW76: [Record] | AX76: [Table] | AY76: [Record] | AZ76: [Record] | BA76: [Table] | BB76: [Record] | BC76: [Record] | BD76: [Record] | BI76: Kiwi Woggle
A77: 0 | B77: 918 | E77: Easter Saturday | F77: Yearly | G77: Low | J77: Calendar Entry | K77: 46115 | L77: 46115 | P77: [List] | Q77: [List] | T77: 5707 | U77: 0x01006B96C2D89248E44D9DCCC3EFE7C6F01F009AE4A35CBC209B4AAB88D9DE8B191F78 | AA77: Branch Calendar Event | AC77: 918 | AD77: 46221 | AE77: 46161 | AF77: 102 | AG77: 102 | AH77: 3.0 | AI77: FALSE | AJ77: 16694e16-e933-4cdb-86e1-58bea2a5ad4b | AK77: [Record] | AL77: [Table] | AM77: [Table] | AN77: [Record] | AO77: [Record] | AP77: [Record] | AQ77: [Record] | AR77: [Record] | AS77: [Record] | AT77: [Record] | AU77: [Record] | AV77: [Record] | AW77: [Record] | AX77: [Table] | AY77: [Record] | AZ77: [Record] | BA77: [Table] | BB77: [Record] | BC77: [Record] | BD77: [Record] | BI77: Easter Saturday
E78: School Holidays (April) | J78: Calendar Entry | K78: 46115 | L78: 46131 | AA78: Reference | BI78: School Holidays (April)
A79: 0 | B79: 919 | E79: Easter Sunday | F79: Yearly | G79: Low | J79: Calendar Entry | K79: 46116 | L79: 46116 | P79: [List] | Q79: [List] | T79: 5708 | U79: 0x01006B96C2D89248E44D9DCCC3EFE7C6F01F009AE4A35CBC209B4AAB88D9DE8B191F78 | AA79: Branch Calendar Event | AC79: 919 | AD79: 46221 | AE79: 46161 | AF79: 102 | AG79: 102 | AH79: 3.0 | AI79: FALSE | AJ79: e83e5b02-51e9-495f-9458-25859b31c816 | AK79: [Record] | AL79: [Table] | AM79: [Table] | AN79: [Record] | AO79: [Record] | AP79: [Record] | AQ79: [Record] | AR79: [Record] | AS79: [Record] | AT79: [Record] | AU79: [Record] | AV79: [Record] | AW79: [Record] | AX79: [Table] | AY79: [Record] | AZ79: [Record] | BA79: [Table] | BB79: [Record] | BC79: [Record] | BD79: [Record] | BI79: Easter Sunday
A80: 0 | B80: 917 | E80: Easter Monday | F80: Yearly | G80: Low | J80: Calendar Entry | K80: 46117 | L80: 46117 | P80: [List] | Q80: [List] | T80: 5706 | U80: 0x01006B96C2D89248E44D9DCCC3EFE7C6F01F009AE4A35CBC209B4AAB88D9DE8B191F78 | AA80: Branch Calendar Event | AC80: 917 | AD80: 46221 | AE80: 46161 | AF80: 102 | AG80: 102 | AH80: 3.0 | AI80: FALSE | AJ80: e852c331-e149-4225-8a32-d115c077cbd9 | AK80: [Record] | AL80: [Table] | AM80: [Table] | AN80: [Record] | AO80: [Record] | AP80: [Record] | AQ80: [Record] | AR80: [Record] | AS80: [Record] | AT80: [Record] | AU80: [Record] | AV80: [Record] | AW80: [Record] | AX80: [Table] | AY80: [Record] | AZ80: [Record] | BA80: [Table] | BB80: [Record] | BC80: [Record] | BD80: [Record] | BI80: Easter Monday
A81: 0 | B81: 878 | E81: Cuboree | G81: Low | J81: Calendar Entry | K81: 46120 | L81: 46124 | P81: [List] | Q81: [List] | T81: 5665 | U81: 0x01006B96C2D89248E44D9DCCC3EFE7C6F01F009AE4A35CBC209B4AAB88D9DE8B191F78 | AA81: Branch Calendar Event | AC81: 878 | AD81: 46221 | AE81: 46161 | AF81: 102 | AG81: 102 | AH81: 3.0 | AI81: FALSE | AJ81: 225f3583-3aa4-447d-939c-7318ad75a651 | AK81: [Record] | AL81: [Table] | AM81: [Table] | AN81: [Record] | AO81: [Record] | AP81: [Record] | AQ81: [Record] | AR81: [Record] | AS81: [Record] | AT81: [Record] | AU81: [Record] | AV81: [Record] | AW81: [Record] | AX81: [Table] | AY81: [Record] | AZ81: [Record] | BA81: [Table] | BB81: [Record] | BC81: [Record] | BD81: [Record] | BI81: Cuboree
A82: 0 | B82: 1083 | E82: Scouting Essentials (Bundaberg) | F82: Applications Close: 20/03/2026 Course Number: 1002604 Course Fee: $ 170.00 Pre requisites: Certificate of Adult Membership - Adult Leaders, Rover Scouts Click here for the Training Program Outline Click here to apply for this training course This program will provide the skills and knowledge needed to plan and deliver activities to implement the Youth Program at weekly meetings and overnight activities. Note: Times listed are indicative only, refer to final course documentation for your course for confirmed course times. | G82: Low | J82: Calendar Entry | K82: 46121 | L82: 46123 | P82: [List] | Q82: [List] | S82: Training - AA | T82: 7562 | U82: 0x01006B96C2D89248E44D9DCCC3EFE7C6F01F009AE4A35CBC209B4AAB88D9DE8B191F78 | AA82: Branch Calendar Event | AC82: 1083 | AD82: 46221 | AE82: 46161 | AF82: 102 | AG82: 102 | AH82: 3.0 | AI82: FALSE | AJ82: d7378048-adb7-4612-bc5a-a26c99250f45 | AK82: [Record] | AL82: [Table] | AM82: [Table] | AN82: [Record] | AO82: [Record] | AP82: [Record] | AQ82: [Record] | AR82: [Record] | AS82: [Record] | AT82: [Record] | AU82: [Record] | AV82: [Record] | AW82: [Record] | AX82: [Table] | AY82: [Record] | AZ82: [Record] | BA82: [Table] | BB82: [Record] | BC82: [Record] | BD82: [Record] | BI82: Scouting Essentials (Bundaberg)
A83: 0 | B83: 1034 | E83: Scouting Leadership (Online) | F83: Applications Close: 09/10/2026 Course Number: 1302610OL Course Fee: $ 80.00 Pre requisites: 6 months since completion of Scouting Adventure or Scouting Management Click here for the Training Program Outline Click here to apply for this training course This program will build on skills and knowledge gained through the delivery of youth program and deepen understanding of Scouting fundamentals. Note: Times listed are indicative only, refer to final course documentation for your course for confirmed course times. | G83: Low | J83: Calendar Entry | K83: 46122 | L83: 46122 | P83: [List] | Q83: [List] | T83: 7257 | U83: 0x01006B96C2D89248E44D9DCCC3EFE7C6F01F009AE4A35CBC209B4AAB88D9DE8B191F78 | AA83: Branch Calendar Event | AC83: 1034 | AD83: 46221 | AE83: 46161 | AF83: 102 | AG83: 102 | AH83: 3.0 | AI83: FALSE | AJ83: 7839eb95-60bd-4d44-97c5-8e7c307f20b6 | AK83: [Record] | AL83: [Table] | AM83: [Table] | AN83: [Record] | AO83: [Record] | AP83: [Record] | AQ83: [Record] | AR83: [Record] | AS83: [Record] | AT83: [Record] | AU83: [Record] | AV83: [Record] | AW83: [Record] | AX83: [Table] | AY83: [Record] | AZ83: [Record] | BA83: [Table] | BB83: [Record] | BC83: [Record] | BD83: [Record] | BI83: Scouting Leadership (Online)
A84: 0 | B84: 1057 | E84: Scouting Leadership (Online) | F84: Applications Close: 09/10/2026 Course Number: 1302610OL Course Fee: $ 80.00 Pre requisites: 6 months since completion of Scouting Adventure or Scouting Management Click here for the Training Program Outline Click here to apply for this training course This program will build on skills and knowledge gained through the delivery of youth program and deepen understanding of Scouting fundamentals. Note: Times listed are indicative only, refer to final course documentation for your course for confirmed course times. | G84: Low | J84: Calendar Entry | K84: 46122 | L84: 46122 | P84: [List] | Q84: [List] | S84: Training - AA | T84: 7400 | U84: 0x01006B96C2D89248E44D9DCCC3EFE7C6F01F009AE4A35CBC209B4AAB88D9DE8B191F78 | AA84: Branch Calendar Event | AC84: 1057 | AD84: 46221 | AE84: 46161 | AF84: 102 | AG84: 102 | AH84: 3.0 | AI84: FALSE | AJ84: 2cbe93c3-85ed-4014-a375-90e0a8da1e89 | AK84: [Record] | AL84: [Table] | AM84: [Table] | AN84: [Record] | AO84: [Record] | AP84: [Record] | AQ84: [Record] | AR84: [Record] | AS84: [Record] | AT84: [Record] | AU84: [Record] | AV84: [Record] | AW84: [Record] | AX84: [Table] | AY84: [Record] | AZ84: [Record] | BA84: [Table] | BB84: [Record] | BC84: [Record] | BD84: [Record] | BI84: Scouting Leadership (Online)
A85: 0 | B85: 964 | E85: Branch Joey Scout Council | F85: Monthly | G85: Low | J85: Calendar Entry | K85: 46126 | L85: 46126 | P85: [List] | Q85: [List] | S85: Joey Scouts | T85: 5754 | U85: 0x01006B96C2D89248E44D9DCCC3EFE7C6F01F009AE4A35CBC209B4AAB88D9DE8B191F78 | Z85: BC Joey Scouts | AA85: Branch Calendar Event | AC85: 964 | AD85: 46221 | AE85: 46161 | AF85: 102 | AG85: 102 | AH85: 4.0 | AI85: FALSE | AJ85: e302698d-d34b-4053-a33f-2c05ef7fe6e6 | AK85: [Record] | AL85: [Table] | AM85: [Table] | AN85: [Record] | AO85: [Record] | AP85: [Record] | AQ85: [Record] | AR85: [Record] | AS85: [Record] | AT85: [Record] | AU85: [Record] | AV85: [Record] | AW85: [Record] | AX85: [Table] | AY85: [Record] | AZ85: [Record] | BA85: [Table] | BB85: [Record] | BC85: [Record] | BD85: [Record] | BI85: Branch Joey Scout Council
A86: 0 | B86: 982 | E86: Branch Youth Venturer Scout Council | F86: Monthly | G86: Low | J86: Calendar Entry | K86: 46126 | L86: 46126 | P86: [List] | Q86: [List] | T86: 5772 | U86: 0x01006B96C2D89248E44D9DCCC3EFE7C6F01F009AE4A35CBC209B4AAB88D9DE8B191F78 | AA86: Branch Calendar Event | AC86: 982 | AD86: 46221 | AE86: 46161 | AF86: 102 | AG86: 102 | AH86: 3.0 | AI86: FALSE | AJ86: 7054efa2-38b2-4da1-bd63-988f7cbcf3d9 | AK86: [Record] | AL86: [Table] | AM86: [Table] | AN86: [Record] | AO86: [Record] | AP86: [Record] | AQ86: [Record] | AR86: [Record] | AS86: [Record] | AT86: [Record] | AU86: [Record] | AV86: [Record] | AW86: [Record] | AX86: [Table] | AY86: [Record] | AZ86: [Record] | BA86: [Table] | BB86: [Record] | BC86: [Record] | BD86: [Record] | BI86: Branch Youth Venturer Scout Council
A87: 0 | B87: 930 | E87: Branch Cub Scout Section Team Meeting | F87: Monthly | G87: Low | J87: Calendar Entry | K87: 46127 | L87: 46127 | P87: [List] | Q87: [List] | S87: Cub Scouts | T87: 5720 | U87: 0x01006B96C2D89248E44D9DCCC3EFE7C6F01F009AE4A35CBC209B4AAB88D9DE8B191F78 | AA87: Branch Calendar Event | AC87: 930 | AD87: 46221 | AE87: 46161 | AF87: 102 | AG87: 102 | AH87: 3.0 | AI87: FALSE | AJ87: fc4f3e5f-31c6-4204-8260-319302f7ff2b | AK87: [Record] | AL87: [Table] | AM87: [Table] | AN87: [Record] | AO87: [Record] | AP87: [Record] | AQ87: [Record] | AR87: [Record] | AS87: [Record] | AT87: [Record] | AU87: [Record] | AV87: [Record] | AW87: [Record] | AX87: [Table] | AY87: [Record] | AZ87: [Record] | BA87: [Table] | BB87: [Record] | BC87: [Record] | BD87: [Record] | BI87: Branch Cub Scout Section Team Meeting
A88: 0 | B88: 994 | E88: Queensland Branch Rover Council Meeting | F88: Monthly | G88: Low | J88: Calendar Entry | K88: 46130 | L88: 46130 | P88: [List] | Q88: [List] | S88: Rover Scouts | T88: 5784 | U88: 0x01006B96C2D89248E44D9DCCC3EFE7C6F01F009AE4A35CBC209B4AAB88D9DE8B191F78 | AA88: Branch Calendar Event | AC88: 994 | AD88: 46221 | AE88: 46161 | AF88: 102 | AG88: 102 | AH88: 3.0 | AI88: FALSE | AJ88: be052d0d-2131-493d-b92e-2847302b54eb | AK88: [Record] | AL88: [Table] | AM88: [Table] | AN88: [Record] | AO88: [Record] | AP88: [Record] | AQ88: [Record] | AR88: [Record] | AS88: [Record] | AT88: [Record] | AU88: [Record] | AV88: [Record] | AW88: [Record] | AX88: [Table] | AY88: [Record] | AZ88: [Record] | BA88: [Table] | BB88: [Record] | BC88: [Record] | BD88: [Record] | BI88: Queensland Branch Rover Council Meeting
A89: 0 | B89: 973 | E89: Branch Scout Section Council | F89: Monthly | G89: Low | J89: Calendar Entry | K89: 46131 | L89: 46131 | P89: [List] | Q89: [List] | T89: 5763 | U89: 0x01006B96C2D89248E44D9DCCC3EFE7C6F01F009AE4A35CBC209B4AAB88D9DE8B191F78 | Z89: BC Joey Scouts | AA89: Branch Calendar Event | AC89: 973 | AD89: 46221 | AE89: 46161 | AF89: 102 | AG89: 102 | AH89: 4.0 | AI89: FALSE | AJ89: 11665a22-9ce4-41e6-acda-78b502a22c96 | AK89: [Record] | AL89: [Table] | AM89: [Table] | AN89: [Record] | AO89: [Record] | AP89: [Record] | AQ89: [Record] | AR89: [Record] | AS89: [Record] | AT89: [Record] | AU89: [Record] | AV89: [Record] | AW89: [Record] | AX89: [Table] | AY89: [Record] | AZ89: [Record] | BA89: [Table] | BB89: [Record] | BC89: [Record] | BD89: [Record] | BI89: Branch Scout Section Council
A90: 0 | B90: 953 | E90: Branch Finance Committee | F90: 3rd Monday of the month | G90: Low | J90: Calendar Entry | K90: 46131 | L90: 46131 | P90: [List] | Q90: [List] | T90: 5743 | U90: 0x01006B96C2D89248E44D9DCCC3EFE7C6F01F009AE4A35CBC209B4AAB88D9DE8B191F78 | AA90: Branch Calendar Event | AC90: 953 | AD90: 46221 | AE90: 46161 | AF90: 102 | AG90: 102 | AH90: 3.0 | AI90: FALSE | AJ90: 0703b840-436b-42ea-9d00-ddbf5153f4c1 | AK90: [Record] | AL90: [Table] | AM90: [Table] | AN90: [Record] | AO90: [Record] | AP90: [Record] | AQ90: [Record] | AR90: [Record] | AS90: [Record] | AT90: [Record] | AU90: [Record] | AV90: [Record] | AW90: [Record] | AX90: [Table] | AY90: [Record] | AZ90: [Record] | BA90: [Table] | BB90: [Record] | BC90: [Record] | BD90: [Record] | BI90: Branch Finance Committee
A91: 0 | B91: 1084 | E91: Scouting Management - Commissioners and Advisors (Online) | F91: Applications Close: 03/04/2026 Course Number: 1212601OL Course Fee: $ 80.00 Pre requisites: Scouting Essentials and completion of Scouting Management On Demand learning Click here for the Training Program Outline Click here to apply for this training course This program will provide leaders of adults the skills and knowledge needed to manage and administer a formation at a group level to support the delivery of youth program. Note: This is the same curriculum as Scouting Management (for Commissioners and Advisers) but with Group Leader relevant examples Note: Times listed are indicative only, refer to final course documentation of your course for confirmed course times. | G91: Low | J91: Calendar Entry | K91: 46133 | L91: 46133 | P91: [List] | Q91: [List] | S91: Training - AA | T91: 7563 | U91: 0x01006B96C2D89248E44D9DCCC3EFE7C6F01F009AE4A35CBC209B4AAB88D9DE8B191F78 | AA91: Branch Calendar Event | AC91: 1084 | AD91: 46221 | AE91: 46161 | AF91: 102 | AG91: 102 | AH91: 3.0 | AI91: FALSE | AJ91: 7be832cb-2ca8-4c52-842a-327055cfe354 | AK91: [Record] | AL91: [Table] | AM91: [Table] | AN91: [Record] | AO91: [Record] | AP91: [Record] | AQ91: [Record] | AR91: [Record] | AS91: [Record] | AT91: [Record] | AU91: [Record] | AV91: [Record] | AW91: [Record] | AX91: [Table] | AY91: [Record] | AZ91: [Record] | BA91: [Table] | BB91: [Record] | BC91: [Record] | BD91: [Record] | BI91: Scouting Management - Commissioners and Advisors (Online)
A92: 0 | B92: 912 | E92: ANZAC Day | F92: Yearly | G92: Low | J92: Calendar Entry | K92: 46136 | L92: 46136 | P92: [List] | Q92: [List] | T92: 5701 | U92: 0x01006B96C2D89248E44D9DCCC3EFE7C6F01F009AE4A35CBC209B4AAB88D9DE8B191F78 | AA92: Branch Calendar Event | AC92: 912 | AD92: 46221 | AE92: 46161 | AF92: 102 | AG92: 102 | AH92: 3.0 | AI92: FALSE | AJ92: 539e962c-eb06-4717-8019-f4ea69045355 | AK92: [Record] | AL92: [Table] | AM92: [Table] | AN92: [Record] | AO92: [Record] | AP92: [Record] | AQ92: [Record] | AR92: [Record] | AS92: [Record] | AT92: [Record] | AU92: [Record] | AV92: [Record] | AW92: [Record] | AX92: [Table] | AY92: [Record] | AZ92: [Record] | BA92: [Table] | BB92: [Record] | BC92: [Record] | BD92: [Record] | BI92: ANZAC Day
A93: 0 | B93: 990 | E93: Joey Leader Online Forum | F93: As required | G93: Low | J93: Calendar Entry | K93: 46137 | L93: 46137 | P93: [List] | Q93: [List] | S93: Joey Scouts | T93: 5780 | U93: 0x01006B96C2D89248E44D9DCCC3EFE7C6F01F009AE4A35CBC209B4AAB88D9DE8B191F78 | Z93: BC Joey Scouts | AA93: Branch Calendar Event | AC93: 990 | AD93: 46221 | AE93: 46161 | AF93: 102 | AG93: 102 | AH93: 4.0 | AI93: FALSE | AJ93: 67366598-3901-4036-8bf3-db4128610fc2 | AK93: [Record] | AL93: [Table] | AM93: [Table] | AN93: [Record] | AO93: [Record] | AP93: [Record] | AQ93: [Record] | AR93: [Record] | AS93: [Record] | AT93: [Record] | AU93: [Record] | AV93: [Record] | AW93: [Record] | AX93: [Table] | AY93: [Record] | AZ93: [Record] | BA93: [Table] | BB93: [Record] | BC93: [Record] | BD93: [Record] | BI93: Joey Leader Online Forum
A94: 0 | B94: 941 | E94: Branch Executive Committee | F94: 4th Tuesday of the month (3rd Tuesday in December) | G94: Low | J94: Calendar Entry | K94: 46139 | L94: 46139 | P94: [List] | Q94: [List] | T94: 5731 | U94: 0x01006B96C2D89248E44D9DCCC3EFE7C6F01F009AE4A35CBC209B4AAB88D9DE8B191F78 | AA94: Branch Calendar Event | AC94: 941 | AD94: 46221 | AE94: 46161 | AF94: 102 | AG94: 102 | AH94: 3.0 | AI94: FALSE | AJ94: 4a0d8abc-6d3b-40ce-bd89-38837a2642d0 | AK94: [Record] | AL94: [Table] | AM94: [Table] | AN94: [Record] | AO94: [Record] | AP94: [Record] | AQ94: [Record] | AR94: [Record] | AS94: [Record] | AT94: [Record] | AU94: [Record] | AV94: [Record] | AW94: [Record] | AX94: [Table] | AY94: [Record] | AZ94: [Record] | BA94: [Table] | BB94: [Record] | BC94: [Record] | BD94: [Record] | BI94: Branch Executive Committee
A95: 0 | B95: 900 | E95: TNT (Test'N'Track) Moot | F95: Yearly | G95: Low | J95: Calendar Entry | K95: 46142 | L95: 46145 | P95: [List] | Q95: [List] | T95: 5689 | U95: 0x01006B96C2D89248E44D9DCCC3EFE7C6F01F009AE4A35CBC209B4AAB88D9DE8B191F78 | AA95: Branch Calendar Event | AC95: 900 | AD95: 46221 | AE95: 46161 | AF95: 102 | AG95: 102 | AH95: 3.0 | AI95: FALSE | AJ95: ff697a3f-adf9-4a84-961d-1ff56b678587 | AK95: [Record] | AL95: [Table] | AM95: [Table] | AN95: [Record] | AO95: [Record] | AP95: [Record] | AQ95: [Record] | AR95: [Record] | AS95: [Record] | AT95: [Record] | AU95: [Record] | AV95: [Record] | AW95: [Record] | AX95: [Table] | AY95: [Record] | AZ95: [Record] | BA95: [Table] | BB95: [Record] | BC95: [Record] | BD95: [Record] | BI95: TNT (Test'N'Track) Moot
A96: 0 | B96: 1085 | E96: Cycling - Off Road - SP/TP (Brisbane) | F96: Applications Close: 10/04/2026 Course Number: 2301PR2601 Course Fee: $ 90.00 Pre requisites: Ability to ride a bike - Adult Supporters, Adult Leaders, Rover Scouts, Venturer Scouts Click here for the Training Program Outline Click here to apply for this training course This program will provide skills and knowledge to setup, maintain and repair a bicycle; plan routes; and ride off-road bicycles on easy to intermediate trails (eg mountain bike trails). Note: Times listed are indicative only and will be confirmed pre-course. | G96: Low | J96: Calendar Entry | K96: 46143 | L96: 46143 | P96: [List] | Q96: [List] | S96: Training - AA | T96: 7564 | U96: 0x01006B96C2D89248E44D9DCCC3EFE7C6F01F009AE4A35CBC209B4AAB88D9DE8B191F78 | AA96: Branch Calendar Event | AC96: 1085 | AD96: 46221 | AE96: 46161 | AF96: 102 | AG96: 102 | AH96: 3.0 | AI96: FALSE | AJ96: 278534fb-9b4f-41b9-a4b2-755e2a27621d | AK96: [Record] | AL96: [Table] | AM96: [Table] | AN96: [Record] | AO96: [Record] | AP96: [Record] | AQ96: [Record] | AR96: [Record] | AS96: [Record] | AT96: [Record] | AU96: [Record] | AV96: [Record] | AW96: [Record] | AX96: [Table] | AY96: [Record] | AZ96: [Record] | BA96: [Table] | BB96: [Record] | BC96: [Record] | BD96: [Record] | BI96: Cycling - Off Road - SP/TP (Brisbane)
A97: 0 | B97: 923 | E97: Labour Day | F97: Yearly | G97: Low | J97: Calendar Entry | K97: 46145 | L97: 46145 | P97: [List] | Q97: [List] | T97: 5712 | U97: 0x01006B96C2D89248E44D9DCCC3EFE7C6F01F009AE4A35CBC209B4AAB88D9DE8B191F78 | AA97: Branch Calendar Event | AC97: 923 | AD97: 46221 | AE97: 46161 | AF97: 102 | AG97: 102 | AH97: 3.0 | AI97: FALSE | AJ97: 3dd309f4-fca5-4958-82a5-a6b520b36ef4 | AK97: [Record] | AL97: [Table] | AM97: [Table] | AN97: [Record] | AO97: [Record] | AP97: [Record] | AQ97: [Record] | AR97: [Record] | AS97: [Record] | AT97: [Record] | AU97: [Record] | AV97: [Record] | AW97: [Record] | AX97: [Table] | AY97: [Record] | AZ97: [Record] | BA97: [Table] | BB97: [Record] | BC97: [Record] | BD97: [Record] | BI97: Labour Day
A98: 0 | B98: 1040 | E98: Scouting Essentials (Rockhampton) | F98: Applications Close: 15/05/2026 Course Number: 1002609 Course Fee: $ 170.00 Pre requisites: Certificate of Adult Membership - Adult Leaders, Rover Scouts Click here for the Training Program Outline Click here to apply for this training course This program will provide the skills and knowledge needed to plan and deliver activities to implement the Youth Program at weekly meetings and overnight activities. Note: Times listed are indicative only, refer to final course documentation for your course for confirmed course times. | G98: Low | J98: Calendar Entry | K98: 46147 | L98: 46147 | P98: [List] | Q98: [List] | S98: Training - AA | T98: 7374 | U98: 0x01006B96C2D89248E44D9DCCC3EFE7C6F01F009AE4A35CBC209B4AAB88D9DE8B191F78 | AA98: Branch Calendar Event | AC98: 1040 | AD98: 46221 | AE98: 46161 | AF98: 102 | AG98: 102 | AH98: 3.0 | AI98: FALSE | AJ98: c23f9e21-5d48-42f2-95d3-aaf7030ac6eb | AK98: [Record] | AL98: [Table] | AM98: [Table] | AN98: [Record] | AO98: [Record] | AP98: [Record] | AQ98: [Record] | AR98: [Record] | AS98: [Record] | AT98: [Record] | AU98: [Record] | AV98: [Record] | AW98: [Record] | AX98: [Table] | AY98: [Record] | AZ98: [Record] | BA98: [Table] | BB98: [Record] | BC98: [Record] | BD98: [Record] | BI98: Scouting Essentials (Rockhampton)
A99: 0 | B99: 1041 | E99: Scouting Adventure (FNQ) | F99: Applications Close: 15/05/2026 Course Number: 1102607 Course Fee: $ 170.00 Pre requisites: Scouting Essentials and completion of Scouting Adventure On Demand learning Click here for the Training Program Outline Click here to apply for this training course This program will provide leaders of youth the skills and knowledge needed to support the delivery of the youth program to achieve Outdoor Adventure Skills Core Stage 3. Note: Times listed are indicative only, refer to final course documentation of your course for confirmed course times. | G99: Low | J99: Calendar Entry | K99: 46147 | L99: 46147 | P99: [List] | Q99: [List] | S99: Training - AA | T99: 7375 | U99: 0x01006B96C2D89248E44D9DCCC3EFE7C6F01F009AE4A35CBC209B4AAB88D9DE8B191F78 | AA99: Branch Calendar Event | AC99: 1041 | AD99: 46221 | AE99: 46161 | AF99: 102 | AG99: 102 | AH99: 3.0 | AI99: FALSE | AJ99: 5dcd0a80-1f31-4904-aaa4-a1933991bb88 | AK99: [Record] | AL99: [Table] | AM99: [Table] | AN99: [Record] | AO99: [Record] | AP99: [Record] | AQ99: [Record] | AR99: [Record] | AS99: [Record] | AT99: [Record] | AU99: [Record] | AV99: [Record] | AW99: [Record] | AX99: [Table] | AY99: [Record] | AZ99: [Record] | BA99: [Table] | BB99: [Record] | BC99: [Record] | BD99: [Record] | BI99: Scouting Adventure (FNQ)
A100: 0 | B100: 1049 | E100: Basic Water Rescue (FNQ) | F100: Applications Close: 17/07/2026 Course Number: 2000SK2604 Course Fee: $ 55 Pre requisites: Adult Supporters, Adult Leaders, Rover Scouts, Venturer Scouts Click here to apply for this training course This program will provide skills and knowledge required to perform basic water rescues in indoor and outdoor aquatic venues Note: Times listed are indicative only and will be confirmed pre-course. | G100: Low | J100: Calendar Entry | K100: 46149 | L100: 46149 | P100: [List] | Q100: [List] | S100: Training - AA | T100: 7387 | U100: 0x01006B96C2D89248E44D9DCCC3EFE7C6F01F009AE4A35CBC209B4AAB88D9DE8B191F78 | AA100: Branch Calendar Event | AC100: 1049 | AD100: 46221 | AE100: 46161 | AF100: 102 | AG100: 102 | AH100: 3.0 | AI100: FALSE | AJ100: f67f027d-558f-4e03-b61b-4240932afd7e | AK100: [Record] | AL100: [Table] | AM100: [Table] | AN100: [Record] | AO100: [Record] | AP100: [Record] | AQ100: [Record] | AR100: [Record] | AS100: [Record] | AT100: [Record] | AU100: [Record] | AV100: [Record] | AW100: [Record] | AX100: [Table] | AY100: [Record] | AZ100: [Record] | BA100: [Table] | BB100: [Record] | BC100: [Record] | BD100: [Record] | BI100: Basic Water Rescue (FNQ)
...

Sheet YPT Work Items
A1: DO NOT EDIT THIS SHEET - AUTOMATICALLY UPDATES FROM A SHAREPOINT LIST
A2: FileSystemObjectType | B2: Id | C2: ServerRedirectedEmbedUri | D2: ServerRedirectedEmbedUrl | E2: Title | F2: Description | G2: Priority | H2: Parent Work ItemId | I2: Category0 | J2: Progress | K2: StartDate | L2: DueDate | M2: AssignedTo0Id | N2: AssignedTo0StringId | O2: Notes | P2: KeyStakeholdersId | Q2: KeyStakeholdersStringId | R2: Location | S2: Tags | T2: CalendarID | U2: ContentTypeId | V2: OData__ColorTag | W2: ComplianceAssetId | X2: Operational ActionId | Y2: YPT Tag | Z2: Responsible | AA2: Change Category | AB2: Milestone | AC2: ID.1 | AD2: Modified | AE2: Created | AF2: AuthorId | AG2: EditorId | AH2: OData__UIVersionString | AI2: Attachments | AJ2: GUID | AK2: Title2 | AM2: Title2
A3: 0 | B3: 1069 | E3: Scouting Management - Group Leaders (Brisbane) | F3: Applications Close: 30/10/2026 Course Number: 1202605 Course Fee: $ 170.00 Pre requisites: Scouting Essentials and completion of Scouting Management On Demand learning Click here for the Training Program Outline Click here to apply for this training course This program will provide leaders of adults the skills and knowledge needed to manage and administer a formation at a group level to support the delivery of youth program. Note: This is the same curriculum as Scouting Management (for Commissioners and Advisers) but with Group Leader relevant examples Note: Times listed are indicative only, refer to final course documentation of your course for confirmed course times. | G3: Low | J3: Calendar Entry | K3: 46023 | L3: 46023 | P3: [List] | Q3: [List] | S3: Training - AA | T3: 7489 | U3: 0x01006B96C2D89248E44D9DCCC3EFE7C6F01F009AE4A35CBC209B4AAB88D9DE8B191F78 | AA3: Branch Calendar Event | AC3: 1069 | AD3: 46221 | AE3: 46161 | AF3: 102 | AG3: 102 | AH3: 4.0 | AI3: FALSE | AJ3: 769eb2e6-5ad7-4a79-ab38-b6856282b9f1 | AK3: =IF(ISBLANK(SharePointTasks[[#This Row],[Operational ActionId]]), SharePointTasks[[#This Row],[Title]], SharePointTasks[[#This Row],[Title]] & " (" & VLOOKUP(SharePointTasks[[#This Row],[Operational ActionId]], Operational_Actions[], 6, FALSE) & ")") -> Scouting Management - Group Leaders (Brisbane) | AM3: {=IF(ISBLANK(SharePointTasks[Operational ActionId])=TRUE,SharePointTasks[Title],(SharePointTasks[Title]&" ("&(VLOOKUP(SharePointTasks[Operational ActionId],'YPT Operational Actions'!1:1048576,6,FALSE))&")"))} -> Scouting Management - Group Leaders (Brisbane)
A4: 0 | B4: 1070 | E4: Scouting Essentials (Brisbane) | F4: Applications Close: 30/10/2026 Course Number: 1002616 Course Fee: $ 170.00 Pre requisites: Certificate of Adult Membership - Adult Leaders, Rover Scouts Click here for the Training Program Outline Click here to apply for this training course This program will provide the skills and knowledge needed to plan and deliver activities to implement the Youth Program at weekly meetings and overnight activities. Note: Times listed are indicative only, refer to final course documentation for your course for confirmed course times. | G4: Low | J4: Calendar Entry | K4: 46023 | L4: 46023 | P4: [List] | Q4: [List] | S4: Training - AA | T4: 7490 | U4: 0x01006B96C2D89248E44D9DCCC3EFE7C6F01F009AE4A35CBC209B4AAB88D9DE8B191F78 | AA4: Branch Calendar Event | AC4: 1070 | AD4: 46221 | AE4: 46161 | AF4: 102 | AG4: 102 | AH4: 4.0 | AI4: FALSE | AJ4: 459fc94c-7c66-4673-b739-2153a8c3e040 | AK4: =IF(ISBLANK(SharePointTasks[[#This Row],[Operational ActionId]]), SharePointTasks[[#This Row],[Title]], SharePointTasks[[#This Row],[Title]] & " (" & VLOOKUP(SharePointTasks[[#This Row],[Operational ActionId]], Operational_Actions[], 6, FALSE) & ")") -> Scouting Essentials (Brisbane) | AM4: Scouting Essentials (Brisbane)
A5: 0 | B5: 1071 | E5: Basic Water Rescue (FNQ) | F5: Applications Close: 23/10/2026 Course Number: 2000SK2605 Course Fee: $ 55 Pre requisites: Adult Supporters, Adult Leaders, Rover Scouts, Venturer Scouts Click here to apply for this training course This program will provide skills and knowledge required to perform basic water rescues in indoor and outdoor aquatic venues Note: Times listed are indicative only and will be confirmed pre-course. | G5: Low | J5: Calendar Entry | K5: 46023 | L5: 46023 | P5: [List] | Q5: [List] | T5: 7491 | U5: 0x01006B96C2D89248E44D9DCCC3EFE7C6F01F009AE4A35CBC209B4AAB88D9DE8B191F78 | AA5: Branch Calendar Event | AC5: 1071 | AD5: 46221 | AE5: 46161 | AF5: 102 | AG5: 102 | AH5: 4.0 | AI5: FALSE | AJ5: 81d4efc5-230a-4046-a5d6-d59d21a6eefc | AK5: =IF(ISBLANK(SharePointTasks[[#This Row],[Operational ActionId]]), SharePointTasks[[#This Row],[Title]], SharePointTasks[[#This Row],[Title]] & " (" & VLOOKUP(SharePointTasks[[#This Row],[Operational ActionId]], Operational_Actions[], 6, FALSE) & ")") -> Basic Water Rescue (FNQ) | AM5: Basic Water Rescue (FNQ)
A6: 0 | B6: 1072 | E6: Vertical - Abseiling Natural SP (Wide Bay) | F6: Applications Close: 06/03/2026 Course Number: 0 Course Fee: $ 155.00 Pre requisites: Adult Supporters, Adult Leaders, Rover Scouts, Venturer Scouts Click here for the Training Program Outline Click here to apply for this training course This program will provide fundamental skills and knowledge for abseiling on single pitches. Note: Times listed are indicative only and will be confirmed pre-course. | G6: Low | J6: Calendar Entry | K6: 46023 | L6: 46023 | P6: [List] | Q6: [List] | S6: Training - AA | T6: 7492 | U6: 0x01006B96C2D89248E44D9DCCC3EFE7C6F01F009AE4A35CBC209B4AAB88D9DE8B191F78 | AA6: Branch Calendar Event | AC6: 1072 | AD6: 46221 | AE6: 46161 | AF6: 102 | AG6: 102 | AH6: 4.0 | AI6: FALSE | AJ6: c7e7823e-a6be-4037-8d14-5ec480681593 | AK6: =IF(ISBLANK(SharePointTasks[[#This Row],[Operational ActionId]]), SharePointTasks[[#This Row],[Title]], SharePointTasks[[#This Row],[Title]] & " (" & VLOOKUP(SharePointTasks[[#This Row],[Operational ActionId]], Operational_Actions[], 6, FALSE) & ")") -> Vertical - Abseiling Natural SP (Wide Bay) | AM6: Vertical - Abseiling Natural SP (Wide Bay)
A7: 0 | B7: 1015 | E7: Paddling - SUP Inland Flatwater SP | F7: Applications Close: 06/02/2025 Course Number: 2405SP2602 Course Fee: $ 80.00 Pre requisites: N/A Click here to apply for this training course This program will provide skills and knowledge to paddle a stand-up paddle board on inland flat water. Note: Times listed are indicative only and will be confirmed pre-course. | G7: Low | J7: Calendar Entry | K7: 46024 | L7: 46024 | P7: [List] | Q7: [List] | S7: Training - AA | T7: 7162 | U7: 0x01006B96C2D89248E44D9DCCC3EFE7C6F01F009AE4A35CBC209B4AAB88D9DE8B191F78 | AA7: Branch Calendar Event | AC7: 1015 | AD7: 46221 | AE7: 46161 | AF7: 102 | AG7: 102 | AH7: 4.0 | AI7: FALSE | AJ7: 3ed99ff7-54d4-4304-8e5c-61354d82ea38 | AK7: =IF(ISBLANK(SharePointTasks[[#This Row],[Operational ActionId]]), SharePointTasks[[#This Row],[Title]], SharePointTasks[[#This Row],[Title]] & " (" & VLOOKUP(SharePointTasks[[#This Row],[Operational ActionId]], Operational_Actions[], 6, FALSE) & ")") -> Paddling - SUP Inland Flatwater SP | AM7: Paddling - SUP Inland Flatwater SP
A8: 0 | B8: 1020 | E8: Paddling - Kayak Inland Flatwater TP (Wide Bay) | F8: Applications Close: 06/02/2026 Course Number: 0 Course Fee: $ 155 Pre requisites: Kayaking Flat Water Safe Participant (SP) appointment Click here for the Training Program Outline Click here to apply for this training course This program will provide skills and knowledge to paddle a kayak on inland flat water, including rescue following capsize. Note: Times listed are indicative only and will be confirmed pre-course. | G8: Low | J8: Calendar Entry | K8: 46024 | L8: 46024 | P8: [List] | Q8: [List] | S8: Training - AA | T8: 7192 | U8: 0x01006B96C2D89248E44D9DCCC3EFE7C6F01F009AE4A35CBC209B4AAB88D9DE8B191F78 | AA8: Branch Calendar Event | AC8: 1020 | AD8: 46221 | AE8: 46161 | AF8: 102 | AG8: 102 | AH8: 4.0 | AI8: FALSE | AJ8: a1c89867-3431-47b7-a903-bdb7e4566796 | AK8: =IF(ISBLANK(SharePointTasks[[#This Row],[Operational ActionId]]), SharePointTasks[[#This Row],[Title]], SharePointTasks[[#This Row],[Title]] & " (" & VLOOKUP(SharePointTasks[[#This Row],[Operational ActionId]], Operational_Actions[], 6, FALSE) & ")") -> Paddling - Kayak Inland Flatwater TP (Wide Bay) | AM8: Paddling - Kayak Inland Flatwater TP (Wide Bay)
A9: 0 | B9: 1024 | E9: Cycling - On Road - SP/TP (Wide Bay) | F9: Applications Close: 10/07/2026 Course Number: 0 Course Fee: $ 90.00 Pre requisites: Ability to ride a bike - Adult Supporters, Adult Leaders, Rover Scouts, Venturer Scouts Click here for the Training Program Outline Click here to apply for this training course This program will provide skills and knowledge to setup, maintain and repair a bicycle; plan routes; and ride on pathways and roads with easy to intermediate conditions (including rail trails). Note: Times listed are indicative only and will be confirmed pre-course. | G9: Low | J9: Calendar Entry | K9: 46029 | L9: 46029 | P9: [List] | Q9: [List] | S9: Training - AA | T9: 7237 | U9: 0x01006B96C2D89248E44D9DCCC3EFE7C6F01F009AE4A35CBC209B4AAB88D9DE8B191F78 | AA9: Branch Calendar Event | AC9: 1024 | AD9: 46221 | AE9: 46161 | AF9: 102 | AG9: 102 | AH9: 4.0 | AI9: FALSE | AJ9: c453b12a-b063-41d7-b6f3-0df5d2a8c32d | AK9: =IF(ISBLANK(SharePointTasks[[#This Row],[Operational ActionId]]), SharePointTasks[[#This Row],[Title]], SharePointTasks[[#This Row],[Title]] & " (" & VLOOKUP(SharePointTasks[[#This Row],[Operational ActionId]], Operational_Actions[], 6, FALSE) & ")") -> Cycling - On Road - SP/TP (Wide Bay) | AM9: Cycling - On Road - SP/TP (Wide Bay)
A10: 0 | B10: 1047 | E10: Cycling - On Road - SP/TP (Wide Bay) | F10: Applications Close: 10/07/2026 Course Number: 0 Course Fee: $ 90.00 Pre requisites: Ability to ride a bike - Adult Supporters, Adult Leaders, Rover Scouts, Venturer Scouts Click here for the Training Program Outline Click here to apply for this training course This program will provide skills and knowledge to setup, maintain and repair a bicycle; plan routes; and ride on pathways and roads with easy to intermediate conditions (including rail trails). Note: Times listed are indicative only and will be confirmed pre-course. | G10: Low | J10: Calendar Entry | K10: 46029 | L10: 46029 | P10: [List] | Q10: [List] | S10: Training - AA | T10: 7385 | U10: 0x01006B96C2D89248E44D9DCCC3EFE7C6F01F009AE4A35CBC209B4AAB88D9DE8B191F78 | AA10: Branch Calendar Event | AC10: 1047 | AD10: 46221 | AE10: 46161 | AF10: 102 | AG10: 102 | AH10: 4.0 | AI10: FALSE | AJ10: 30539b2e-d445-48c3-ad9c-cd6b8bebca4d | AK10: =IF(ISBLANK(SharePointTasks[[#This Row],[Operational ActionId]]), SharePointTasks[[#This Row],[Title]], SharePointTasks[[#This Row],[Title]] & " (" & VLOOKUP(SharePointTasks[[#This Row],[Operational ActionId]], Operational_Actions[], 6, FALSE) & ")") -> Cycling - On Road - SP/TP (Wide Bay) | AM10: Cycling - On Road - SP/TP (Wide Bay)
A11: 0 | B11: 991 | E11: Queensland Branch Rover Council Meeting | F11: Monthly | G11: Low | J11: Calendar Entry | K11: 46039 | L11: 46039 | P11: [List] | Q11: [List] | S11: Rover Scouts | T11: 5781 | U11: 0x01006B96C2D89248E44D9DCCC3EFE7C6F01F009AE4A35CBC209B4AAB88D9DE8B191F78 | AA11: Branch Calendar Event | AC11: 991 | AD11: 46221 | AE11: 46161 | AF11: 102 | AG11: 102 | AH11: 4.0 | AI11: FALSE | AJ11: 6e36a8f2-39f9-4aa3-ab20-a3c59bc739b4 | AK11: =IF(ISBLANK(SharePointTasks[[#This Row],[Operational ActionId]]), SharePointTasks[[#This Row],[Title]], SharePointTasks[[#This Row],[Title]] & " (" & VLOOKUP(SharePointTasks[[#This Row],[Operational ActionId]], Operational_Actions[], 6, FALSE) & ")") -> Queensland Branch Rover Council Meeting | AM11: Queensland Branch Rover Council Meeting
A12: 0 | B12: 950 | E12: Branch Finance Committee | F12: 3rd Monday of the month | G12: Low | J12: Calendar Entry | K12: 46040 | L12: 46040 | P12: [List] | Q12: [List] | T12: 5740 | U12: 0x01006B96C2D89248E44D9DCCC3EFE7C6F01F009AE4A35CBC209B4AAB88D9DE8B191F78 | AA12: Branch Calendar Event | AC12: 950 | AD12: 46221 | AE12: 46161 | AF12: 102 | AG12: 102 | AH12: 4.0 | AI12: FALSE | AJ12: f79a5a36-74d0-4834-986f-adad3b2b8561 | AK12: =IF(ISBLANK(SharePointTasks[[#This Row],[Operational ActionId]]), SharePointTasks[[#This Row],[Title]], SharePointTasks[[#This Row],[Title]] & " (" & VLOOKUP(SharePointTasks[[#This Row],[Operational ActionId]], Operational_Actions[], 6, FALSE) & ")") -> Branch Finance Committee | AM12: Branch Finance Committee
A13: 0 | B13: 962 | E13: Branch Joey Scout Council | G13: Low | J13: Calendar Entry | K13: 46042 | L13: 46042 | P13: [List] | Q13: [List] | S13: Joey Scouts | T13: 5752 | U13: 0x01006B96C2D89248E44D9DCCC3EFE7C6F01F009AE4A35CBC209B4AAB88D9DE8B191F78 | Z13: BC Joey Scouts | AA13: Branch Calendar Event | AC13: 962 | AD13: 46221 | AE13: 46161 | AF13: 102 | AG13: 102 | AH13: 5.0 | AI13: FALSE | AJ13: 3121f1a5-ce81-4b71-b084-2377869ed28d | AK13: =IF(ISBLANK(SharePointTasks[[#This Row],[Operational ActionId]]), SharePointTasks[[#This Row],[Title]], SharePointTasks[[#This Row],[Title]] & " (" & VLOOKUP(SharePointTasks[[#This Row],[Operational ActionId]], Operational_Actions[], 6, FALSE) & ")") -> Branch Joey Scout Council | AM13: Branch Joey Scout Council
A14: 0 | B14: 913 | E14: Australia Day | F14: Yearly | G14: Low | J14: Calendar Entry | K14: 46047 | L14: 46047 | P14: [List] | Q14: [List] | T14: 5702 | U14: 0x01006B96C2D89248E44D9DCCC3EFE7C6F01F009AE4A35CBC209B4AAB88D9DE8B191F78 | AA14: Branch Calendar Event | AC14: 913 | AD14: 46221 | AE14: 46161 | AF14: 102 | AG14: 102 | AH14: 4.0 | AI14: FALSE | AJ14: 608ffe48-ebf8-448f-8f9e-30c3177ef533 | AK14: =IF(ISBLANK(SharePointTasks[[#This Row],[Operational ActionId]]), SharePointTasks[[#This Row],[Title]], SharePointTasks[[#This Row],[Title]] & " (" & VLOOKUP(SharePointTasks[[#This Row],[Operational ActionId]], Operational_Actions[], 6, FALSE) & ")") -> Australia Day | AM14: Australia Day
A15: 0 | B15: 938 | E15: Branch Executive Committee | F15: 4th Tuesday of the month (3rd Tuesday in December) | G15: Low | J15: Calendar Entry | K15: 46048 | L15: 46048 | P15: [List] | Q15: [List] | T15: 5728 | U15: 0x01006B96C2D89248E44D9DCCC3EFE7C6F01F009AE4A35CBC209B4AAB88D9DE8B191F78 | AA15: Branch Calendar Event | AC15: 938 | AD15: 46221 | AE15: 46161 | AF15: 102 | AG15: 102 | AH15: 4.0 | AI15: FALSE | AJ15: 6f0e39ee-1f10-4eb3-aadf-930fcc81c996 | AK15: =IF(ISBLANK(SharePointTasks[[#This Row],[Operational ActionId]]), SharePointTasks[[#This Row],[Title]], SharePointTasks[[#This Row],[Title]] & " (" & VLOOKUP(SharePointTasks[[#This Row],[Operational ActionId]], Operational_Actions[], 6, FALSE) & ")") -> Branch Executive Committee | AM15: Branch Executive Committee
A16: 0 | B16: 1037 | E16: Cycling - Off Road - SP/TP (Brisbane) | F16: Applications Close: 10/04/2026 Course Number: 2301PR2601 Course Fee: $ 90.00 Pre requisites: Ability to ride a bike - Adult Supporters, Adult Leaders, Rover Scouts, Venturer Scouts Click here for the Training Program Outline Click here to apply for this training course This program will provide skills and knowledge to setup, maintain and repair a bicycle; plan routes; and ride off-road bicycles on easy to intermediate trails (eg mountain bike trails). Note: Times listed are indicative only and will be confirmed pre-course. | G16: Low | J16: Calendar Entry | K16: 46057 | L16: 46057 | P16: [List] | Q16: [List] | S16: Training - AA | T16: 7367 | U16: 0x01006B96C2D89248E44D9DCCC3EFE7C6F01F009AE4A35CBC209B4AAB88D9DE8B191F78 | AA16: Branch Calendar Event | AC16: 1037 | AD16: 46221 | AE16: 46161 | AF16: 102 | AG16: 102 | AH16: 4.0 | AI16: FALSE | AJ16: 40bc320a-e99c-4f0e-b445-7c9c8f40198e | AK16: =IF(ISBLANK(SharePointTasks[[#This Row],[Operational ActionId]]), SharePointTasks[[#This Row],[Title]], SharePointTasks[[#This Row],[Title]] & " (" & VLOOKUP(SharePointTasks[[#This Row],[Operational ActionId]], Operational_Actions[], 6, FALSE) & ")") -> Cycling - Off Road - SP/TP (Brisbane) | AM16: Cycling - Off Road - SP/TP (Brisbane)
A17: 0 | B17: 1039 | E17: Scouting Leadership (Online) | F17: Applications Close: 08/05/2026 Course Number: 1302604OL Course Fee: $ 80.00 Pre requisites: 6 months since completion of Scouting Adventure or Scouting Management Click here for the Training Program Outline Click here to apply for this training course This program will build on skills and knowledge gained through the delivery of youth program and deepen understanding of Scouting fundamentals. Note: Times listed are indicative only, refer to final course documentation for your course for confirmed course times. | G17: Low | J17: Calendar Entry | K17: 46058 | L17: 46058 | P17: [List] | Q17: [List] | S17: Training - AA | T17: 7373 | U17: 0x01006B96C2D89248E44D9DCCC3EFE7C6F01F009AE4A35CBC209B4AAB88D9DE8B191F78 | AA17: Branch Calendar Event | AC17: 1039 | AD17: 46221 | AE17: 46161 | AF17: 102 | AG17: 102 | AH17: 4.0 | AI17: FALSE | AJ17: 19f6ec85-8a49-483c-9d7c-b146d7a5c53e | AK17: =IF(ISBLANK(SharePointTasks[[#This Row],[Operational ActionId]]), SharePointTasks[[#This Row],[Title]], SharePointTasks[[#This Row],[Title]] & " (" & VLOOKUP(SharePointTasks[[#This Row],[Operational ActionId]], Operational_Actions[], 6, FALSE) & ")") -> Scouting Leadership (Online) | AM17: Scouting Leadership (Online)
A18: 0 | B18: 1025 | E18: Cycling - Off Road - SP/TP (Wide Bay) | F18: Applications Close: 10/07/2026 Course Number: 0 Course Fee: $ 90.00 Pre requisites: Ability to ride a bike - Adult Supporters, Adult Leaders, Rover Scouts, Venturer Scouts Click here for the Training Program Outline Click here to apply for this training course This program will provide skills and knowledge to setup, maintain and repair a bicycle; plan routes; and ride off-road bicycles on easy to intermediate trails (eg mountain bike trails). Note: Times listed are indicative only and will be confirmed pre-course. | G18: Low | J18: Calendar Entry | K18: 46060 | L18: 46060 | P18: [List] | Q18: [List] | T18: 7238 | U18: 0x01006B96C2D89248E44D9DCCC3EFE7C6F01F009AE4A35CBC209B4AAB88D9DE8B191F78 | AA18: Branch Calendar Event | AC18: 1025 | AD18: 46221 | AE18: 46161 | AF18: 102 | AG18: 102 | AH18: 4.0 | AI18: FALSE | AJ18: c1dcf8df-80df-49b0-ba05-24a3573d4ef6 | AK18: =IF(ISBLANK(SharePointTasks[[#This Row],[Operational ActionId]]), SharePointTasks[[#This Row],[Title]], SharePointTasks[[#This Row],[Title]] & " (" & VLOOKUP(SharePointTasks[[#This Row],[Operational ActionId]], Operational_Actions[], 6, FALSE) & ")") -> Cycling - Off Road - SP/TP (Wide Bay) | AM18: Cycling - Off Road - SP/TP (Wide Bay)
A19: 0 | B19: 1048 | E19: Cycling - Off Road - SP/TP (Wide Bay) | F19: Applications Close: 10/07/2026 Course Number: 0 Course Fee: $ 90.00 Pre requisites: Ability to ride a bike - Adult Supporters, Adult Leaders, Rover Scouts, Venturer Scouts Click here for the Training Program Outline Click here to apply for this training course This program will provide skills and knowledge to setup, maintain and repair a bicycle; plan routes; and ride off-road bicycles on easy to intermediate trails (eg mountain bike trails). Note: Times listed are indicative only and will be confirmed pre-course. | G19: Low | J19: Calendar Entry | K19: 46060 | L19: 46060 | P19: [List] | Q19: [List] | S19: Training - AA | T19: 7386 | U19: 0x01006B96C2D89248E44D9DCCC3EFE7C6F01F009AE4A35CBC209B4AAB88D9DE8B191F78 | AA19: Branch Calendar Event | AC19: 1048 | AD19: 46221 | AE19: 46161 | AF19: 102 | AG19: 102 | AH19: 4.0 | AI19: FALSE | AJ19: f1fbad35-7030-478e-b4c4-3fd041bb94b5 | AK19: =IF(ISBLANK(SharePointTasks[[#This Row],[Operational ActionId]]), SharePointTasks[[#This Row],[Title]], SharePointTasks[[#This Row],[Title]] & " (" & VLOOKUP(SharePointTasks[[#This Row],[Operational ActionId]], Operational_Actions[], 6, FALSE) & ")") -> Cycling - Off Road - SP/TP (Wide Bay) | AM19: Cycling - Off Road - SP/TP (Wide Bay)
A20: 0 | B20: 1029 | E20: Scouting Adventure (Brisbane) | F20: Applications Close: 18/09/2026 Course Number: 1102612 Course Fee: $ 170.00 Pre requisites: Scouting Essentials and completion of Scouting Adventure On Demand learning Click here for the Training Program Outline Click here to apply for this training course This program will provide leaders of youth the skills and knowledge needed to support the delivery of the youth program to achieve Outdoor Adventure Skills Core Stage 3. Note: Times listed are indicative only, refer to final course documentation of your course for confirmed course times. | G20: Low | J20: Calendar Entry | K20: 46062 | L20: 46121 | P20: [List] | Q20: [List] | T20: 7247 | U20: 0x01006B96C2D89248E44D9DCCC3EFE7C6F01F009AE4A35CBC209B4AAB88D9DE8B191F78 | AA20: Branch Calendar Event | AC20: 1029 | AD20: 46221 | AE20: 46161 | AF20: 102 | AG20: 102 | AH20: 4.0 | AI20: FALSE | AJ20: 461651b3-f865-4f87-a53e-a62a0fec89da | AK20: =IF(ISBLANK(SharePointTasks[[#This Row],[Operational ActionId]]), SharePointTasks[[#This Row],[Title]], SharePointTasks[[#This Row],[Title]] & " (" & VLOOKUP(SharePointTasks[[#This Row],[Operational ActionId]], Operational_Actions[], 6, FALSE) & ")") -> Scouting Adventure (Brisbane) | AM20: Scouting Adventure (Brisbane)
A21: 0 | B21: 1030 | E21: Scouting Essentials (Brisbane) | F21: Applications Close: 18/09/2026 Course Number: 1002614 Course Fee: $ 170.00 Pre requisites: Certificate of Adult Membership - Adult Leaders, Rover Scouts Click here for the Training Program Outline Click here to apply for this training course This program will provide the skills and knowledge needed to plan and deliver activities to implement the Youth Program at weekly meetings and overnight activities. Note: Times listed are indicative only, refer to final course documentation for your course for confirmed course times. | G21: Low | J21: Calendar Entry | K21: 46062 | L21: 46121 | P21: [List] | Q21: [List] | T21: 7248 | U21: 0x01006B96C2D89248E44D9DCCC3EFE7C6F01F009AE4A35CBC209B4AAB88D9DE8B191F78 | AA21: Branch Calendar Event | AC21: 1030 | AD21: 46221 | AE21: 46161 | AF21: 102 | AG21: 102 | AH21: 4.0 | AI21: FALSE | AJ21: b8f36462-1bce-4be1-b5ec-0b396c4b3768 | AK21: =IF(ISBLANK(SharePointTasks[[#This Row],[Operational ActionId]]), SharePointTasks[[#This Row],[Title]], SharePointTasks[[#This Row],[Title]] & " (" & VLOOKUP(SharePointTasks[[#This Row],[Operational ActionId]], Operational_Actions[], 6, FALSE) & ")") -> Scouting Essentials (Brisbane) | AM21: Scouting Essentials (Brisbane)
A22: 0 | B22: 1052 | E22: Scouting Adventure (Brisbane) | F22: Applications Close: 18/09/2026 Course Number: 1102612 Course Fee: $ 170.00 Pre requisites: Scouting Essentials and completion of Scouting Adventure On Demand learning Click here for the Training Program Outline Click here to apply for this training course This program will provide leaders of youth the skills and knowledge needed to support the delivery of the youth program to achieve Outdoor Adventure Skills Core Stage 3. Note: Times listed are indicative only, refer to final course documentation of your course for confirmed course times. | G22: Low | J22: Calendar Entry | K22: 46062 | L22: 46121 | P22: [List] | Q22: [List] | S22: Training - AA | T22: 7392 | U22: 0x01006B96C2D89248E44D9DCCC3EFE7C6F01F009AE4A35CBC209B4AAB88D9DE8B191F78 | AA22: Branch Calendar Event | AC22: 1052 | AD22: 46221 | AE22: 46161 | AF22: 102 | AG22: 102 | AH22: 4.0 | AI22: FALSE | AJ22: 86ddaab3-2062-4bd4-8f92-5bd4d9d17d02 | AK22: =IF(ISBLANK(SharePointTasks[[#This Row],[Operational ActionId]]), SharePointTasks[[#This Row],[Title]], SharePointTasks[[#This Row],[Title]] & " (" & VLOOKUP(SharePointTasks[[#This Row],[Operational ActionId]], Operational_Actions[], 6, FALSE) & ")") -> Scouting Adventure (Brisbane) | AM22: Scouting Adventure (Brisbane)
A23: 0 | B23: 1053 | E23: Scouting Essentials (Brisbane) | F23: Applications Close: 18/09/2026 Course Number: 1002614 Course Fee: $ 170.00 Pre requisites: Certificate of Adult Membership - Adult Leaders, Rover Scouts Click here for the Training Program Outline Click here to apply for this training course This program will provide the skills and knowledge needed to plan and deliver activities to implement the Youth Program at weekly meetings and overnight activities. Note: Times listed are indicative only, refer to final course documentation for your course for confirmed course times. | G23: Low | J23: Calendar Entry | K23: 46062 | L23: 46121 | P23: [List] | Q23: [List] | S23: Training - AA | T23: 7393 | U23: 0x01006B96C2D89248E44D9DCCC3EFE7C6F01F009AE4A35CBC209B4AAB88D9DE8B191F78 | AA23: Branch Calendar Event | AC23: 1053 | AD23: 46221 | AE23: 46161 | AF23: 102 | AG23: 102 | AH23: 4.0 | AI23: FALSE | AJ23: a6158a61-e35e-4450-b5d3-24f52bba697d | AK23: =IF(ISBLANK(SharePointTasks[[#This Row],[Operational ActionId]]), SharePointTasks[[#This Row],[Title]], SharePointTasks[[#This Row],[Title]] & " (" & VLOOKUP(SharePointTasks[[#This Row],[Operational ActionId]], Operational_Actions[], 6, FALSE) & ")") -> Scouting Essentials (Brisbane) | AM23: Scouting Essentials (Brisbane)
A24: 0 | B24: 992 | E24: Queensland Branch Rover Council Meeting | F24: Monthly | G24: Low | J24: Calendar Entry | K24: 46067 | L24: 46067 | P24: [List] | Q24: [List] | S24: Rover Scouts | T24: 5782 | U24: 0x01006B96C2D89248E44D9DCCC3EFE7C6F01F009AE4A35CBC209B4AAB88D9DE8B191F78 | AA24: Branch Calendar Event | AC24: 992 | AD24: 46221 | AE24: 46161 | AF24: 102 | AG24: 102 | AH24: 4.0 | AI24: FALSE | AJ24: 62765f15-cf9d-47a1-aa97-17d339875b43 | AK24: =IF(ISBLANK(SharePointTasks[[#This Row],[Operational ActionId]]), SharePointTasks[[#This Row],[Title]], SharePointTasks[[#This Row],[Title]] & " (" & VLOOKUP(SharePointTasks[[#This Row],[Operational ActionId]], Operational_Actions[], 6, FALSE) & ")") -> Queensland Branch Rover Council Meeting | AM24: Queensland Branch Rover Council Meeting
A25: 0 | B25: 951 | E25: Branch Finance Committee | F25: 3rd Monday of the month | G25: Low | J25: Calendar Entry | K25: 46068 | L25: 46068 | P25: [List] | Q25: [List] | T25: 5741 | U25: 0x01006B96C2D89248E44D9DCCC3EFE7C6F01F009AE4A35CBC209B4AAB88D9DE8B191F78 | AA25: Branch Calendar Event | AC25: 951 | AD25: 46221 | AE25: 46161 | AF25: 102 | AG25: 102 | AH25: 4.0 | AI25: FALSE | AJ25: 89c08ccb-06c4-41b5-b457-fe729493d3a0 | AK25: =IF(ISBLANK(SharePointTasks[[#This Row],[Operational ActionId]]), SharePointTasks[[#This Row],[Title]], SharePointTasks[[#This Row],[Title]] & " (" & VLOOKUP(SharePointTasks[[#This Row],[Operational ActionId]], Operational_Actions[], 6, FALSE) & ")") -> Branch Finance Committee | AM25: Branch Finance Committee
A26: 0 | B26: 971 | E26: Branch Scout Section Council | F26: Monthly | G26: Low | J26: Calendar Entry | K26: 46068 | L26: 46068 | P26: [List] | Q26: [List] | T26: 5761 | U26: 0x01006B96C2D89248E44D9DCCC3EFE7C6F01F009AE4A35CBC209B4AAB88D9DE8B191F78 | Z26: BC Joey Scouts | AA26: Branch Calendar Event | AC26: 971 | AD26: 46221 | AE26: 46161 | AF26: 102 | AG26: 102 | AH26: 5.0 | AI26: FALSE | AJ26: ab57b248-e204-4efd-8a75-cde76fb7aae6 | AK26: =IF(ISBLANK(SharePointTasks[[#This Row],[Operational ActionId]]), SharePointTasks[[#This Row],[Title]], SharePointTasks[[#This Row],[Title]] & " (" & VLOOKUP(SharePointTasks[[#This Row],[Operational ActionId]], Operational_Actions[], 6, FALSE) & ")") -> Branch Scout Section Council | AM26: Branch Scout Section Council
A27: 0 | B27: 963 | E27: Branch Joey Scout Council | F27: Monthly | G27: Low | J27: Calendar Entry | K27: 46070 | L27: 46070 | P27: [List] | Q27: [List] | S27: Joey Scouts | T27: 5753 | U27: 0x01006B96C2D89248E44D9DCCC3EFE7C6F01F009AE4A35CBC209B4AAB88D9DE8B191F78 | Z27: BC Joey Scouts | AA27: Branch Calendar Event | AC27: 963 | AD27: 46221 | AE27: 46161 | AF27: 102 | AG27: 102 | AH27: 5.0 | AI27: FALSE | AJ27: 1bc404c7-8dc6-498c-879b-9c7a2ed4afdd | AK27: =IF(ISBLANK(SharePointTasks[[#This Row],[Operational ActionId]]), SharePointTasks[[#This Row],[Title]], SharePointTasks[[#This Row],[Title]] & " (" & VLOOKUP(SharePointTasks[[#This Row],[Operational ActionId]], Operational_Actions[], 6, FALSE) & ")") -> Branch Joey Scout Council | AM27: Branch Joey Scout Council
A28: 0 | B28: 980 | E28: Branch Youth Venturer Scout Council | F28: Monthly | G28: Low | J28: Calendar Entry | K28: 46070 | L28: 46070 | P28: [List] | Q28: [List] | T28: 5770 | U28: 0x01006B96C2D89248E44D9DCCC3EFE7C6F01F009AE4A35CBC209B4AAB88D9DE8B191F78 | AA28: Branch Calendar Event | AC28: 980 | AD28: 46221 | AE28: 46161 | AF28: 102 | AG28: 102 | AH28: 4.0 | AI28: FALSE | AJ28: 2a9a3e4f-e0a4-4681-876f-f33202fcaa46 | AK28: =IF(ISBLANK(SharePointTasks[[#This Row],[Operational ActionId]]), SharePointTasks[[#This Row],[Title]], SharePointTasks[[#This Row],[Title]] & " (" & VLOOKUP(SharePointTasks[[#This Row],[Operational ActionId]], Operational_Actions[], 6, FALSE) & ")") -> Branch Youth Venturer Scout Council | AM28: Branch Youth Venturer Scout Council
A29: 0 | B29: 928 | E29: Branch Cub Scout Section Team Meeting | F29: Monthly | G29: Low | J29: Calendar Entry | K29: 46071 | L29: 46071 | P29: [List] | Q29: [List] | T29: 5718 | U29: 0x01006B96C2D89248E44D9DCCC3EFE7C6F01F009AE4A35CBC209B4AAB88D9DE8B191F78 | AA29: Branch Calendar Event | AC29: 928 | AD29: 46221 | AE29: 46161 | AF29: 102 | AG29: 102 | AH29: 4.0 | AI29: FALSE | AJ29: 4f0c95fb-7bb9-443c-960f-0f759cd57086 | AK29: =IF(ISBLANK(SharePointTasks[[#This Row],[Operational ActionId]]), SharePointTasks[[#This Row],[Title]], SharePointTasks[[#This Row],[Title]] & " (" & VLOOKUP(SharePointTasks[[#This Row],[Operational ActionId]], Operational_Actions[], 6, FALSE) & ")") -> Branch Cub Scout Section Team Meeting | AM29: Branch Cub Scout Section Team Meeting
A30: 0 | B30: 882 | E30: Founder's Day Dinner | F30: By invitation only | G30: Low | J30: Calendar Entry | K30: 46072 | L30: 46072 | P30: [List] | Q30: [List] | T30: 5669 | U30: 0x01006B96C2D89248E44D9DCCC3EFE7C6F01F009AE4A35CBC209B4AAB88D9DE8B191F78 | AA30: Branch Calendar Event | AC30: 882 | AD30: 46221 | AE30: 46161 | AF30: 102 | AG30: 102 | AH30: 4.0 | AI30: FALSE | AJ30: 75f9f702-f167-402f-9ac5-22ca5a67f171 | AK30: =IF(ISBLANK(SharePointTasks[[#This Row],[Operational ActionId]]), SharePointTasks[[#This Row],[Title]], SharePointTasks[[#This Row],[Title]] & " (" & VLOOKUP(SharePointTasks[[#This Row],[Operational ActionId]], Operational_Actions[], 6, FALSE) & ")") -> Founder's Day Dinner | AM30: Founder's Day Dinner
A31: 0 | B31: 899 | E31: Synchronised Cub Scout Camp (local groups) | F31: Yearly | G31: Low | J31: Calendar Entry | K31: 46072 | L31: 46074 | P31: [List] | Q31: [List] | T31: 5688 | U31: 0x01006B96C2D89248E44D9DCCC3EFE7C6F01F009AE4A35CBC209B4AAB88D9DE8B191F78 | AA31: Branch Calendar Event | AC31: 899 | AD31: 46221 | AE31: 46161 | AF31: 102 | AG31: 102 | AH31: 4.0 | AI31: FALSE | AJ31: afabe313-8ec6-4242-93cc-c99c856d3342 | AK31: =IF(ISBLANK(SharePointTasks[[#This Row],[Operational ActionId]]), SharePointTasks[[#This Row],[Title]], SharePointTasks[[#This Row],[Title]] & " (" & VLOOKUP(SharePointTasks[[#This Row],[Operational ActionId]], Operational_Actions[], 6, FALSE) & ")") -> Synchronised Cub Scout Camp (local groups) | AM31: Synchronised Cub Scout Camp (local groups)
A32: 0 | B32: 1009 | E32: Scouting Adventure (Ipswich) | F32: Applications Close: 30/01/2026 Course Number: 1102601 Course Fee: $ 170.00 Pre requisites: Scouting Essentials and completion of Scouting Adventure On Demand learning Click here for the Training Program Outline Click here to apply for this training course This program will provide leaders of youth the skills and knowledge needed to support the delivery of the youth program to achieve Outdoor Adventure Skills Core Stage 3. Note: Times listed are indicative only, refer to final course documentation of your course for confirmed course times. | G32: Low | J32: Calendar Entry | K32: 46072 | L32: 46074 | P32: [List] | Q32: [List] | S32: Training - AA | T32: 7154 | U32: 0x01006B96C2D89248E44D9DCCC3EFE7C6F01F009AE4A35CBC209B4AAB88D9DE8B191F78 | AA32: Branch Calendar Event | AC32: 1009 | AD32: 46221 | AE32: 46161 | AF32: 102 | AG32: 102 | AH32: 4.0 | AI32: FALSE | AJ32: d03a7bce-9460-4674-bcac-bd4a65bb6a20 | AK32: =IF(ISBLANK(SharePointTasks[[#This Row],[Operational ActionId]]), SharePointTasks[[#This Row],[Title]], SharePointTasks[[#This Row],[Title]] & " (" & VLOOKUP(SharePointTasks[[#This Row],[Operational ActionId]], Operational_Actions[], 6, FALSE) & ")") -> Scouting Adventure (Ipswich) | AM32: Scouting Adventure (Ipswich)
A33: 0 | B33: 1060 | E33: Scouting Adventure (Ipswich) | F33: Applications Close: 30/01/2026 Course Number: 1102601 Course Fee: $ 170.00 Pre requisites: Scouting Essentials and completion of Scouting Adventure On Demand learning Click here for the Training Program Outline Click here to apply for this training course This program will provide leaders of youth the skills and knowledge needed to support the delivery of the youth program to achieve Outdoor Adventure Skills Core Stage 3. Note: Times listed are indicative only, refer to final course documentation of your course for confirmed course times. | G33: Low | J33: Calendar Entry | K33: 46072 | L33: 46074 | P33: [List] | Q33: [List] | S33: Training - AA | T33: 7478 | U33: 0x01006B96C2D89248E44D9DCCC3EFE7C6F01F009AE4A35CBC209B4AAB88D9DE8B191F78 | AA33: Branch Calendar Event | AC33: 1060 | AD33: 46221 | AE33: 46161 | AF33: 102 | AG33: 102 | AH33: 4.0 | AI33: FALSE | AJ33: a9422bc0-e57e-4648-98c4-cfb429c09662 | AK33: =IF(ISBLANK(SharePointTasks[[#This Row],[Operational ActionId]]), SharePointTasks[[#This Row],[Title]], SharePointTasks[[#This Row],[Title]] & " (" & VLOOKUP(SharePointTasks[[#This Row],[Operational ActionId]], Operational_Actions[], 6, FALSE) & ")") -> Scouting Adventure (Ipswich) | AM33: Scouting Adventure (Ipswich)
A34: 0 | B34: 1008 | E34: Paddling - SUP Inland Flatwater SP/TP | F34: Applications Close: 30/01/2026 Course Number: 2405SP2601 Course Fee: $ 80 Pre requisites: N/A Click here to apply for this training course This program will provide skills and knowledge to paddle a stand-up paddle board on inland flat water. Note: Times listed are indicative only and will be confirmed pre-course. | G34: Low | J34: Calendar Entry | K34: 46073 | L34: 46073 | P34: [List] | Q34: [List] | S34: Training - AA | T34: 7153 | U34: 0x01006B96C2D89248E44D9DCCC3EFE7C6F01F009AE4A35CBC209B4AAB88D9DE8B191F78 | AA34: Branch Calendar Event | AC34: 1008 | AD34: 46221 | AE34: 46161 | AF34: 102 | AG34: 102 | AH34: 4.0 | AI34: FALSE | AJ34: 68054385-10fe-47fc-af04-008c1dbd791a | AK34: =IF(ISBLANK(SharePointTasks[[#This Row],[Operational ActionId]]), SharePointTasks[[#This Row],[Title]], SharePointTasks[[#This Row],[Title]] & " (" & VLOOKUP(SharePointTasks[[#This Row],[Operational ActionId]], Operational_Actions[], 6, FALSE) & ")") -> Paddling - SUP Inland Flatwater SP/TP | AM34: Paddling - SUP Inland Flatwater SP/TP
A35: 0 | B35: 1059 | E35: Paddling - SUP Inland Flatwater SP/TP | F35: Applications Close: 30/01/2026 Course Number: 2405SP2601 Course Fee: $ 80 Pre requisites: N/A Click here to apply for this training course This program will provide skills and knowledge to paddle a stand-up paddle board on inland flat water. Note: Times listed are indicative only and will be confirmed pre-course. | G35: Low | J35: Calendar Entry | K35: 46073 | L35: 46073 | P35: [List] | Q35: [List] | S35: Training - AA | T35: 7477 | U35: 0x01006B96C2D89248E44D9DCCC3EFE7C6F01F009AE4A35CBC209B4AAB88D9DE8B191F78 | AA35: Branch Calendar Event | AC35: 1059 | AD35: 46221 | AE35: 46161 | AF35: 102 | AG35: 102 | AH35: 4.0 | AI35: FALSE | AJ35: 003c26c8-666a-4e58-ba17-37f753f21270 | AK35: =IF(ISBLANK(SharePointTasks[[#This Row],[Operational ActionId]]), SharePointTasks[[#This Row],[Title]], SharePointTasks[[#This Row],[Title]] & " (" & VLOOKUP(SharePointTasks[[#This Row],[Operational ActionId]], Operational_Actions[], 6, FALSE) & ")") -> Paddling - SUP Inland Flatwater SP/TP | AM35: Paddling - SUP Inland Flatwater SP/TP
A36: 0 | B36: 881 | E36: Founder's Day | F36: 22 February every year | G36: Low | J36: Calendar Entry | K36: 46074 | L36: 46074 | P36: [List] | Q36: [List] | T36: 5668 | U36: 0x01006B96C2D89248E44D9DCCC3EFE7C6F01F009AE4A35CBC209B4AAB88D9DE8B191F78 | AA36: Branch Calendar Event | AC36: 881 | AD36: 46221 | AE36: 46161 | AF36: 102 | AG36: 102 | AH36: 4.0 | AI36: FALSE | AJ36: fef4df47-6b65-4e02-966c-690f426cf5d5 | AK36: =IF(ISBLANK(SharePointTasks[[#This Row],[Operational ActionId]]), SharePointTasks[[#This Row],[Title]], SharePointTasks[[#This Row],[Title]] & " (" & VLOOKUP(SharePointTasks[[#This Row],[Operational ActionId]], Operational_Actions[], 6, FALSE) & ")") -> Founder's Day | AM36: Founder's Day
A37: 0 | B37: 874 | E37: ARA Nominations Deadline | F37: Yearly | G37: Low | J37: Calendar Entry | K37: 46075 | L37: 46075 | P37: [List] | Q37: [List] | T37: 5661 | U37: 0x01006B96C2D89248E44D9DCCC3EFE7C6F01F009AE4A35CBC209B4AAB88D9DE8B191F78 | AA37: Branch Calendar Event | AC37: 874 | AD37: 46221 | AE37: 46161 | AF37: 102 | AG37: 102 | AH37: 4.0 | AI37: FALSE | AJ37: a8aff28d-06cf-4a70-82af-cac6e38215da | AK37: =IF(ISBLANK(SharePointTasks[[#This Row],[Operational ActionId]]), SharePointTasks[[#This Row],[Title]], SharePointTasks[[#This Row],[Title]] & " (" & VLOOKUP(SharePointTasks[[#This Row],[Operational ActionId]], Operational_Actions[], 6, FALSE) & ")") -> ARA Nominations Deadline | AM37: ARA Nominations Deadline
A38: 0 | B38: 939 | E38: Branch Executive Committee | F38: 4th Tuesday of the month (3rd Tuesday in December) | G38: Low | J38: Calendar Entry | K38: 46076 | L38: 46076 | P38: [List] | Q38: [List] | T38: 5729 | U38: 0x01006B96C2D89248E44D9DCCC3EFE7C6F01F009AE4A35CBC209B4AAB88D9DE8B191F78 | AA38: Branch Calendar Event | AC38: 939 | AD38: 46221 | AE38: 46161 | AF38: 102 | AG38: 102 | AH38: 4.0 | AI38: FALSE | AJ38: 034fabd8-2b86-45d8-8ad4-10f6f291834f | AK38: =IF(ISBLANK(SharePointTasks[[#This Row],[Operational ActionId]]), SharePointTasks[[#This Row],[Title]], SharePointTasks[[#This Row],[Title]] & " (" & VLOOKUP(SharePointTasks[[#This Row],[Operational ActionId]], Operational_Actions[], 6, FALSE) & ")") -> Branch Executive Committee | AM38: Branch Executive Committee
A39: 0 | B39: 1010 | E39: Scouting Essentials (Online) | F39: Applications Close: 30/01/2026 Course Number: 1002601OL Course Fee: $ 80.00 Pre requisites: Certificate of Adult Membership - Adult Leaders, Rover Scouts Click here for the Training Program Outline Click here to apply for this training course This program will provide the skills and knowledge needed to plan and deliver activities to implement the Youth Program at weekly meetings and overnight activities. Note: Times listed are indicative only, refer to final course documentation for your course for confirmed course times. | G39: Low | J39: Calendar Entry | K39: 46076 | L39: 46076 | P39: [List] | Q39: [List] | S39: Training - AA | T39: 7155 | U39: 0x01006B96C2D89248E44D9DCCC3EFE7C6F01F009AE4A35CBC209B4AAB88D9DE8B191F78 | AA39: Branch Calendar Event | AC39: 1010 | AD39: 46221 | AE39: 46161 | AF39: 102 | AG39: 102 | AH39: 4.0 | AI39: FALSE | AJ39: 7d2614f7-046c-4148-a314-de66c9f794aa | AK39: =IF(ISBLANK(SharePointTasks[[#This Row],[Operational ActionId]]), SharePointTasks[[#This Row],[Title]], SharePointTasks[[#This Row],[Title]] & " (" & VLOOKUP(SharePointTasks[[#This Row],[Operational ActionId]], Operational_Actions[], 6, FALSE) & ")") -> Scouting Essentials (Online) | AM39: Scouting Essentials (Online)
A40: 0 | B40: 1061 | E40: Scouting Essentials (Online) | F40: Applications Close: 30/01/2026 Course Number: 1002601OL Course Fee: $ 80.00 Pre requisites: Certificate of Adult Membership - Adult Leaders, Rover Scouts Click here for the Training Program Outline Click here to apply for this training course This program will provide the skills and knowledge needed to plan and deliver activities to implement the Youth Program at weekly meetings and overnight activities. Note: Times listed are indicative only, refer to final course documentation for your course for confirmed course times. | G40: Low | J40: Calendar Entry | K40: 46076 | L40: 46076 | P40: [List] | Q40: [List] | S40: Training: Wood Badge | T40: 7479 | U40: 0x01006B96C2D89248E44D9DCCC3EFE7C6F01F009AE4A35CBC209B4AAB88D9DE8B191F78 | AA40: Branch Calendar Event | AC40: 1061 | AD40: 46221 | AE40: 46161 | AF40: 102 | AG40: 102 | AH40: 4.0 | AI40: FALSE | AJ40: f37cd281-2915-4034-aefa-f6ba84329502 | AK40: =IF(ISBLANK(SharePointTasks[[#This Row],[Operational ActionId]]), SharePointTasks[[#This Row],[Title]], SharePointTasks[[#This Row],[Title]] & " (" & VLOOKUP(SharePointTasks[[#This Row],[Operational ActionId]], Operational_Actions[], 6, FALSE) & ")") -> Scouting Essentials (Online) | AM40: Scouting Essentials (Online)
A41: 0 | B41: 1141 | E41: Scouting Essentials (Online) | F41: Applications Close: 30/01/2026 Course Number: 1002601OL Course Fee: $ 80.00 Pre requisites: Certificate of Adult Membership - Adult Leaders, Rover Scouts Click here for the Training Program Outline Click here to apply for this training course This program will provide the skills and knowledge needed to plan and deliver activities to implement the Youth Program at weekly meetings and overnight activities. Note: Times listed are indicative only, refer to final course documentation for your course for confirmed course times. | G41: Low | J41: Calendar Entry | K41: 46076 | L41: 46076 | P41: [List] | Q41: [List] | S41: Training - AA | T41: 7715 | U41: 0x01006B96C2D89248E44D9DCCC3EFE7C6F01F009AE4A35CBC209B4AAB88D9DE8B191F78 | AA41: Branch Calendar Event | AC41: 1141 | AD41: 46221 | AE41: 46161 | AF41: 102 | AG41: 102 | AH41: 4.0 | AI41: FALSE | AJ41: f600322f-1625-4d57-afb9-32041f90ead2 | AK41: =IF(ISBLANK(SharePointTasks[[#This Row],[Operational ActionId]]), SharePointTasks[[#This Row],[Title]], SharePointTasks[[#This Row],[Title]] & " (" & VLOOKUP(SharePointTasks[[#This Row],[Operational ActionId]], Operational_Actions[], 6, FALSE) & ")") -> Scouting Essentials (Online) | AM41: Scouting Essentials (Online)
A42: 0 | B42: 894 | E42: Queensland Rover Moot (Q Moot) | F42: Yearly | G42: Low | J42: Calendar Entry | K42: 46079 | L42: 46081 | P42: [List] | Q42: [List] | S42: Rover Scouts | T42: 5683 | U42: 0x01006B96C2D89248E44D9DCCC3EFE7C6F01F009AE4A35CBC209B4AAB88D9DE8B191F78 | AA42: Branch Calendar Event | AC42: 894 | AD42: 46221 | AE42: 46161 | AF42: 102 | AG42: 102 | AH42: 4.0 | AI42: FALSE | AJ42: bd7d368f-4be7-46e6-a8ad-d0add49c7046 | AK42: =IF(ISBLANK(SharePointTasks[[#This Row],[Operational ActionId]]), SharePointTasks[[#This Row],[Title]], SharePointTasks[[#This Row],[Title]] & " (" & VLOOKUP(SharePointTasks[[#This Row],[Operational ActionId]], Operational_Actions[], 6, FALSE) & ")") -> Queensland Rover Moot (Q Moot) | AM42: Queensland Rover Moot (Q Moot)
